ID,Title,Company,Location,Summary
https://kr.indeed.com/%EC%B7%A8%EC%97%85?q=python&vjk=9f6ca44bd1c54a7b&advn=1729840185424618," 2022년 2월 경력사원 (품질)",LG에너지솔루션,청주 오창읍,"경력 - 프로그래밍 언어(R, 
Python, Visual Basic 등... 년 이상 - Embedded SW 개발 (C, C++) 실무 경력 - 
Python 활용 Big Data 분석 및 수치 해석 경험 우대사항 - BMS..."
https://kr.indeed.com/%EC%B7%A8%EC%97%85?q=python&vjk=0a80ef7ebb86a66d&advn=1729840185424618," [연구개발 부문] 연구원 (MCU 계측제어설계/머신비전/이미지프로세싱)",모든,경기도 광명,"프로그래밍 가능자 우대S/W 설계 부문 : - OPEN CV, TENSORFLOW, YOLO, CUDA/
Python, C++, C WindowsGUL APL, MFC Lib 활용 가능자. 머신비전/ 영상처리 개발자* 전기..."
https://kr.indeed.com/%EC%B7%A8%EC%97%85?q=python&vjk=a1d1d5bf76c45576&advn=1729840185424618," 2022년 2월 경력사원 (설비기술)",LG에너지솔루션,청주 오창읍,"개선을 위한 알고리즘 개발 필수사항 - 관련 업무 경력 10년 이상 - Data 분석 및 SW 설계 경력 (
Python, R, Spotfire, C++ 등) - 실시간 데어터 분석/처리/시각화 역량 우대사항 - 빅데이터 분석..."
https://kr.indeed.com/%EC%B7%A8%EC%97%85?q=python&vjk=00604acdc9f8bc42&advn=1729840185424618," [대기업] 딥러닝 (AI, 영상인식) 전문가 (석박사급)",비에이블컨설팅그룹,서울,"공지능)>딥러닝|인터넷·IT·통신·모바일·게임>빅데이터·AI(인공지능)>
Python|인터넷·IT·통신·모바일·게임>빅데이터·AI(인공지능)>데이터분석... 통신·모바일·게임>응용프로그래머>
Python|인터넷·IT·통신·모바일·게임..."
https://kr.indeed.com/%EC%B7%A8%EC%97%85?q=python&vjk=9720582e65044101&advn=1729840185424618," 이공계 우수인력 희망기업",한국산업기술진흥협회,서울,"과정명 연수지역 연수기관 연락처 경기도경제과학진흥원 JAVA와 파이썬(
Python)기반 빅데이터 분석 양성 서울 031-259-6067 동양미래대학교... 게임>빅데이터·AI(인공지능)>
Python|인터넷·IT·통신·모바일·게임..."
https://kr.indeed.com/%EC%B7%A8%EC%97%85?q=python&vjk=87d4ea678a85b896&advn=1729840185424618," [TmaxEdu/R&D] 연구 개발자",티맥스소프트,성남 분당구,"CSS, JavaScript, TypeScript [Server 개발(사용 언어)] - Java, 
Python, SQL [Framework(사용 언어)] - React.js, Spring [입사 지원 시 참고 사항..."
https://kr.indeed.com/%EC%B7%A8%EC%97%85?q=python&vjk=79fb95da6dff4025&advn=1729840185424618," 하반기 신입(채용 연계형 인턴) 수시채용",홈앤쇼핑,서울 마곡동,"Python, R, 기타 코딩 능력 보유자 또는 통계 분석에 대한 기초 지식 보유자 중 1개 해당자 우대사항 · 통계 분석에 대한 기초 지식 보유자 · 기초 프로그래밍 코딩 구현 능력 보유자 (
Python or R..."
https://kr.indeed.com/%EC%B7%A8%EC%97%85?q=python&vjk=b3a6c83c9debcb92&advn=1729840185424618," 네이버 파이낸셜 플랫폼 운영",NIT Service,성남 삼평동,"Docker(kubernetes) 및 어플리케이션 배포 전략 지식 보유 - Shell script, 
python 및 web framework 등 기타 프로그래밍 언어 활용 가능 - 국가보훈대상자 및 장애인은 법령에 의거..."
https://kr.indeed.com/%EC%B7%A8%EC%97%85?q=python&vjk=5ab0b45dfa93411b&advn=1729840185424618," Data Engineer 신입사원",플리토,서울 강남구,"분류, 개인정보 비식별화, 불량 코퍼스 필터링 등 다양한 ML 프로젝트 (예정)[자격요건]- Julia / 
Python / R 중에서 자신 있는 프로그래밍 언어가 있는 분- 하나의 데이터도 놓치지 않고 꼼꼼하게 관리할 수..."
https://kr.indeed.com/%EC%B7%A8%EC%97%85?q=python&vjk=e1f6164f1d03449a&advn=1729840185424618," 주식회사 데이터스트림즈 기술연구소 Python/Java 개발자",데이터스트림즈,성남 분당구,"데이터스트림즈 기술연구소 
Python/Java 개발자 채용 모집부문 및 자격요건 담당업무 자격요건 우대사항 
Python/Java 개발 직군 경력직... 통신·모바일·게임>웹프로그래머>
Python|인터넷·IT·통신·모바일·게임..."
https://kr.indeed.com/%EC%B7%A8%EC%97%85?q=python&vjk=05b54a7b23b66511&advn=1729840185424618," 2022년 2월 경력사원 (제조지능화)",LG에너지솔루션,청주 오창읍,"경험 - 빅데이터/AI 경험(R,
Python,SAS 등 분석 Tool 활용... 구축 및 거버넌스 수립 - 분석솔루션(Spotfire, SAS, R, 
Python) 전파 필수사항 - 관련 업무 경력 8년 이상 - 분석 시스템 구축..."
https://kr.indeed.com/%EC%B7%A8%EC%97%85?q=python&vjk=ca42174fece4f1e7&advn=1729840185424618," [HDC 랩스] 2022년 상반기 경력",현대산업개발,서울특별시,"Spring, node.js, 
python 프레임워크를 활용한 서버 개발... 전공 무관 ㆍ총경력 : 4년 이상~8년 이하 ㆍ
Python 개발 경력 4년 이상 - 
Python 서버 (Backend) 개발 경력 4년 이상 - 웹..."
https://kr.indeed.com/%EC%B7%A8%EC%97%85?q=python&vjk=84610059d3552ef1&advn=1729840185424618," (3200만이상/분당)만도연구소 소프트웨어 개발/검증 연구보조",휴먼앤,성남 분당구,"SW 등 공학 관련 전공자 C사용 경험자 관련분야/업무 유경험자 우대 
Python 가능자 우대 Vector Case 사용 경험자 우대 자동차부품 전문... 사용 경험자[우대요건] - 
Python 경험자 - Vector Case..."
https://kr.indeed.com/%EC%B7%A8%EC%97%85?q=python&vjk=f80e3683e51edd56&advn=1729840185424618," 펌웨어&어플리케이션 S/W 경력자 정규직",TPC메카트로닉스,인천,"자격요건]- 경력사항: 경력 (5년 이상 )- 학력사항: 초대졸 이상- 필요역량 1) C, C#, C++, 
Python 언어 코딩 능력 보유 2) Open Source 분석 능력 보유 , API 개발 경험 3) 통신 (TCP..."
https://kr.indeed.com/%EC%B7%A8%EC%97%85?q=python&vjk=3c1c5dc51d08cf18&advn=1729840185424618," Web / Spring Framework 개발자",에릭슨엘지,서울 금천구,"게임>웹프로그래머>JAVA|인터넷·IT·통신·모바일·게임>웹프로그래머>
Python|인터넷·IT·통신·모바일·게임>웹프로그래머>ASP|인터넷·IT·통신... 통신·모바일·게임>응용프로그래머>
Python|인터넷·IT·통신·모바일·게임..."
https://kr.indeed.com/%EC%B7%A8%EC%97%85?q=python&vjk=e29bd57c416ee579&advn=1729840185424618," 인재 Pool 등록",S&I Corp.,대한민국,"5년 이상 (IT기획, 프로젝트 PM/PL, 개발경력 등) - 자격 : 컴퓨터 언어 활용능력 보유 (JAVA, 
PYTHON) : 데이터베이스(RDBMS) 활용능력 보유 - 우대사항 : IT 예산(HW,SW,인건비) 수립 경험..."
https://kr.indeed.com/%EC%B7%A8%EC%97%85?q=python&vjk=d8918f984b349ea6&advn=1729840185424618," [국비무료/취업연계] 실무프로젝트 기반 빅데이터/핀테크/인공지능 연수생",아시아경제,서울 중구,"통신·모바일·게임>웹프로그래머>
Python|인터넷·IT·통신·모바일·게임... 프론트엔드|인터넷·IT·통신·모바일·게임>빅데이터·AI(인공지능)>
Python|인터넷·IT·통신·모바일·게임>빅데이터·AI(인공지능)>인공지능(AI..."
https://kr.indeed.com/%EC%B7%A8%EC%97%85?q=python&vjk=df228c302c3c8f9b&advn=1729840185424618," 서버개발자(벡앤드) 정규직",오비이랩,서울 강남구,"시스템 개발 [자격요건]• 경력사항: 경력(3년 이상 7년 이하)• 학력사항: 학력무관• 중상급 이상의 
Python 또는 JavaScript 언어 활용 가능자• Django 또는 Node.js rest framework에..."
https://kr.indeed.com/%EC%B7%A8%EC%97%85?q=python&vjk=5dd25746d945e947&advn=1729840185424618," 빅데이터분석 담당자 in 자원순환 모바일 앱 스타트업",그레이프 파트너즈,서울 성동구,"AI(인공지능)>빅데이터|인터넷·IT·통신·모바일·게임>빅데이터·AI(인공지능)>데이터분석|인터넷·IT·통신·모바일·게임>빅데이터·AI(인공지능)>
Python|인터넷·IT·통신·모바일·게임>빅데이터·AI(인공지능)>자연어처리"
https://kr.indeed.com/%EC%B7%A8%EC%97%85?q=python&vjk=91bddba7f7620d51&advn=1729840185424618," [대형증권사] LP/MM 시스템 개발 및 운영,유지보수",인코리아 프로페셔널,서울 강남구,"레이딩 시스템에 대한 이해 및 열정 보유 <우대사항>C++/JAVA/
Python 프로그래밍 가능 0 명 근무조건 고용형태: 정규직급여조건: 연봉 협의... 통신·모바일·게임>웹프로그래머>
Python|인터넷·IT·통신·모바일·게임..."
https://kr.indeed.com/%EC%B7%A8%EC%97%85?q=python&vjk=14d562d10c215572&advn=1729840185424618," PHP, Python 신입/경력 정규직",비즈부스터,서울 금천구,"주식회사 비즈부스터 PHP, 
Python 개발자 채용 모집부문 및 자격요건 담당업무 자격요건 인원 [담당업무]*당사의 서비스(비즈탑) 솔루션 및 서비... 프로그래머>PHP |인터넷·IT·통신·모바일·게임>웹프로그래머>
Python"
https://kr.indeed.com/%EC%B7%A8%EC%97%85?q=python&vjk=cae856b09262a4bb&advn=1729840185424618," 2월 11번가 Backend 개발 경력공채",십일번가,서울 중구,"2. 활용기술[서버 개발] - Spring Boot 2.x, Spring Cloud, Reactor, 
Python, Node.js - Oracle, MongoDB, MySQL, Kafka, Redis, Spring Cloud..."
https://kr.indeed.com/%EC%B7%A8%EC%97%85?q=python&vjk=7585ef1908280606&advn=1729840185424618," 데이터표준화 부문 경력",현대오토에버,서울 강남구,"관리 2. 자격 요건 1) 필수 · Hadoop 데이터 플랫폼 사용 경험 · SQL, Spark(Scala, 
Python)등 데이터 처리 언어 1종 이상 숙련 · 대규모 트래픽 서비스, 대용량 배치처리 시스템의 Backend..."
https://kr.indeed.com/%EC%B7%A8%EC%97%85?q=python&vjk=77f36f436c732078&advn=1729840185424618," [AWS] Application Developer",Amazon.com,서울,"experience (e.g. Java, 
Python, C++, Scala... 너와 서버리스 기술 경험 · 프로그래밍 언어 경험 (예 : Java, 
Python, C ++, Scala, Go, Ruby 등) · 애플리케이션 개발..."
https://kr.indeed.com/%EC%B7%A8%EC%97%85?q=python&vjk=19aef514479bcb87&advn=1729840185424618," Big Data Engineer",에스케이텔레콤,인천,"좋습니다.필요역량 및 경험- 
Python, Scala, Java 등 1개... 응용프로그래머>JAVA|인터넷·IT·통신·모바일·게임>응용프로그래머>
Python|인터넷·IT·통신·모바일·게임>네트워크·서버·보안>사물인터넷(IoT..."
https://kr.indeed.com/%EC%B7%A8%EC%97%85?q=python&vjk=4a0a7b36dbc554f9&advn=1729840185424618," Quantitative Research Intern",WorldQuant,서울,"languages (C++ and 
Python preferred) Able... 예정자 우수한 학업 성적 프로그래밍 언어에 익숙한 분 (C++ 및 
Python 선호) 영어로 의사소통이 가능하신 분 글로벌 금융 시장에 대해 배우려는..."
https://kr.indeed.com/%EC%B7%A8%EC%97%85?q=python&vjk=e3e1c9a3233eef1f&advn=1729840185424618," 데이터 분석가 경력",LG전자,서울 영등포구,"BI(Business Intelligence) Tool 활용 가능 (Tableau, Qlik 등) - R, 
Python 활용 가능 모집기한: ~ 본 포지션 채용 시점까지 제출방법: LG그룹 채용사이트(LG Careers)를..."
https://kr.indeed.com/%EC%B7%A8%EC%97%85?q=python&vjk=474d97735565073a&advn=1729840185424618," [시높시스코리아] 2022년 Training & Hiring Program",서울여자대학교,서울 노원구,"수 있는 의사소통능력 우대사항 EDA Tool 개발 및 사용 경험이 있으신 분 스크립트 언어(bash, 
Python, TCL, Perl)를 다뤄본 경험이 있으신 분 AI & ML 분야에 관련한 깊은 경험 및 심화 지식이..."
https://kr.indeed.com/%EC%B7%A8%EC%97%85?q=python&vjk=19da3484bd7a72f1&advn=1729840185424618," Machine Learning R&D 연구원",카이어,서울 서초구,"가능) ㆍ최신 딥러닝, 기계학습 이론에 대한 이해 및 구현 역량 ㆍ
Python, TnsorFlow, C/C++, TensorRT 등 프로그래밍 실무... 대한 이해 및 구현 역량 ㆍ
Python, TnsorFlow, C/C++..."
https://kr.indeed.com/%EC%B7%A8%EC%97%85?q=python&vjk=f8bfec7bfbdffd0a&advn=1729840185424618," 애플리케이션 개발자&컨설턴트 정규직",디지포머싸스랩,서울 강남구,"Platform 컨설팅> JAVA/
Python/JScript 등의 개발... 경력(연차무관)학력사항: 대학(2,3년)졸업 이상직무기술: java, 
Python, javascript기타: > Basic SQL, HTML, CSS..."
https://kr.indeed.com/%EC%B7%A8%EC%97%85?q=python&vjk=4c338f455a08d490&advn=1729840185424618," [대기업] 클라우드 서비스 솔루션 개발",비에이블컨설팅그룹,서울,"C++|인터넷·IT·통신·모바일·게임>응용프로그래머>클라우드|인터넷·IT·통신·모바일·게임>응용프로그래머>
Python|인터넷·IT·통신·모바일·게임>데이터베이스·DBA>데이터베이스개발자|인터넷·IT·통신·모바일·게임>데이터베..."
https://kr.indeed.com/%EC%B7%A8%EC%97%85?q=python&vjk=0f5ecf38cce316bc&advn=1729840185424618," [계약직] 모바일 게임 운영 및 컨텐츠 담당자 모집",엔씨소프트,성남 판교역,"PT 제작 및 사업, 마케팅 피칭 경험 多 - 데이터 추출, 관리 및 가공을 통한 시각화 능력 (SQL / 
PYTHON / Excel VBA 가능자) 제출서류 게임 플레이 이력서(필수)(필수) 게임 플레이 리뷰(1개 게임..."
https://kr.indeed.com/%EC%B7%A8%EC%97%85?q=python&vjk=4cd34228af5013fd&advn=1729840185424618," DGIST 2019년 제1차 계약직원 공개채용 공고",대구경북과학기술원,대구 현풍면,"우수자(SPSS, R 등 통계패키지) 외국어(영어) 구사 능력 우수자 Programming(MATLAB, 
Python, C/C++ 등) 가능자 · 근무기간 : 2019.3.11.~2020.3.10. ※ 단, 재계약 평가에..."
https://kr.indeed.com/%EC%B7%A8%EC%97%85?q=python&vjk=b6d169aa029a45a6&advn=1729840185424618," [강남/스타트업] 에이스랩 자율주행 엔지니어",에이스랩,서울 강남구,"공학 등 관련학사혹은 상응하는 지식- 프로그래밍 능력 (C/C++, 
python, etc)자세한 업무 및 자격 요건은 자사 홈페이지에서 확인 00 명... 통신·모바일·게임>응용프로그래머>
Python|인터넷·IT·통신·모바일·게임..."
https://kr.indeed.com/%EC%B7%A8%EC%97%85?q=python&vjk=69d3cc2cca262747&advn=1729840185424618," Machine Learning Engineer Intern - Korea",MOLOCO,서울,"Strong algorithms and data structure skills. Fluent... least one programming language including 
Python, Java, and Golang."
https://kr.indeed.com/%EC%B7%A8%EC%97%85?q=python&vjk=2170d6b3d4399382&advn=1729840185424618," [동화기업] 신입사원 채용",동화그룹,인천 가좌동,"공학, 수학, 통계학 전공 ㆍ데이터 분석 프로젝트 경험 보유자 우대사항 ㆍ분석 tool 사용 역량 보유자 (
Python, R, Scala 중 하나 이상) ㆍ인공지능 관련 최신 논문/기술 파악 가능자 여의도 데이터 엔지니..."
https://kr.indeed.com/%EC%B7%A8%EC%97%85?q=python&vjk=e11919aa1a40d234&advn=1729840185424618," Software Intern",Maxim Integrated,서울,"good communication skills Good Programming Skills in C#, C, 
Python Understanding of attached peripherals (I2C, SPI) Basic..."
https://kr.indeed.com/%EC%B7%A8%EC%97%85?q=python&vjk=5303e67a8fc27f86&advn=1729840185424618," 11번가 데이터 아키텍처/데이터 엔지니어 분야",십일번가,서울 중구,"MYSQL, ERD, 표준화 관리
Python, Kafka, MongoDB... 능숙하신 분개발자/기획자 인터뷰를 통한 설계 및 데이터 개발 가능자
Python, Java 를 통한 데이터 처리와 Batch Program 개발우대..."
https://kr.indeed.com/%EC%B7%A8%EC%97%85?q=python&vjk=cc7b52117054782e&advn=1729840185424618," 게임FDS 데이터 분석 전문가 (신입)",네오위즈,대한민국,"색과 인사이트 도출이 가능한 분 - 합리적인 커뮤니케이션을 통해 원활한 협업이 가능한 분 우대사항 - 
python, sql 등을 통한 데이터 분석 경험이 있는 분 - 데이터 분석을 전공하신 분 모집기간 채용시 마감..."
https://kr.indeed.com/%EC%B7%A8%EC%97%85?q=python&vjk=4d6fa0f1b9726d7c&advn=1729840185424618," 디지털 미디어 매니저(퍼포먼스&브랜딩) 신입/경력",스스스스,서울 서초구,"[우대 요건] 1) 마케팅 전공자 2) 영어 커뮤니케이션 가능자 3) 
Python을 통한 프로그래밍 가능자 4) 구글 및 페이스북 셀프서브 가능자 5) GA 및 써드파티 트래커 활용 가능자 마케팅·광고·홍보·조사>마케팅>온라인마케팅"
https://kr.indeed.com/%EC%B7%A8%EC%97%85?q=python&vjk=35f0a25dee5f3312&advn=1729840185424618," 딥러닝 알고리즘 및 응용 Engineer",딥엑스,성남 분당구,"모바일·게임>빅데이터·AI(인공지능)>인공지능(AI)|인터넷·IT·통신·모바일·게임>빅데이터·AI(인공지능)>
Python|인터넷·IT·통신·모바일·게임>빅데이터·AI(인공지능)>머신러닝|인터넷·IT·통신·모바일·게임>빅데이터..."
https://kr.indeed.com/%EC%B7%A8%EC%97%85?q=python&vjk=1961a1ecccb03336&advn=1729840185424618," [NIT Service] 네이버 파이낸셜 플랫폼 운영",엔아이티서비스,성남 분당구,"및 어플리케이션 배포 전략 지식 보유 - Shell script, 
python 및 web framework 등 기타 프로그래밍 언어 활용 가능... 보유 - Shell script, 
python 및 web framework..."
https://kr.indeed.com/%EC%B7%A8%EC%97%85?q=python&vjk=1fd963b87d62d30a&advn=1729840185424618," 한화시스템/방산 2021년 한화시스템 방산부문 신사업분야 경력사원",한화시스템,성남 분당구,"시스템개발자|인터넷·IT·통신·모바일·게임>빅데이터·AI(인공지능)>
Python|전자·기계·기술·화학·연구개발>연구원·연구개발>전기·전자|전자·기계... 그래머>C·C++|인터넷·IT·통신·모바일·게임>응용프로그래머>
Python"
https://kr.indeed.com/%EC%B7%A8%EC%97%85?q=python&vjk=cd919aed133f6b4d&advn=1729840185424618," 빅데이터분석 수시 채용",HK이노엔,서울 을지로2가,"대사항] - 빅데이터 분석 프로젝트 Leading 경력 - 보건의료 빅데이터 분석 경력 - SAS, R, 
Python 등 프로그래밍 가능자 - 머신러닝/딥러닝 활용 예측모형 개발 - 보건의료빅데이터(건강보험심사평가원, 국민..."
https://kr.indeed.com/%EC%B7%A8%EC%97%85?q=python&vjk=cda0aa8499766eeb&advn=1729840185424618," 데이터 엔지니어",RIDI Corp,서울,"에서의 데이터 파이프라인 구축 및 운영 경험 GA, Tableau 등 외부 분석/시각화 도구에 대한 지식 
Python, Java, Scala 중 하나 이상을 이용한 개발 경험 추가 정보 지원 서류 안내 제출서류 : 이력..."
https://kr.indeed.com/%EC%B7%A8%EC%97%85?q=python&vjk=555c31d136dccadb&advn=1729840185424618," 응용소프트웨어 설계 및 개발(Python)",유징테크,포항 남구,직무내용] 자동화 시스템 설계 및 개발 [근무시간 및 형태] 주 5일 근무 09:00~18:00 주소정근로시간 : 40시간 [급여조건] - 월급 2500000원 이상 - 상여금 : 400% (미 포함) - 면접 후 결정 가능...
https://kr.indeed.com/%EC%B7%A8%EC%97%85?q=python&vjk=578a71cd0f1d3fed&advn=1729840185424618," AI SW 개발 경력사원 채용",한화그룹,서울,"및 개선 할 수 있는 역량 보유자 프로그래밍에 대한 실무역량 보유자(TensorFlow,PyTorch,
Python,C++등) [우대요건] Vision 또는 NLP 기술을 활용하여 프로젝트 및 솔루션 개발 경험자 0명..."
https://kr.indeed.com/%EC%B7%A8%EC%97%85?q=python&vjk=e6d0e4e33687d287&advn=1729840185424618," Vocational Training Program Intern (Developer/Researcher Rol...",SAP,서울,"one or more programming languages (e.g. C, C++, 
Python, JavaScript, Typescript, etc.) Intermediate communication skills..."
https://kr.indeed.com/%EC%B7%A8%EC%97%85?q=python&vjk=dcf3ff6b6acb5519&advn=1729840185424618," 2022년 경력직 (개발,엔지니어,PM/PL 외)",한솔인티큐브,서울 마포구,"SMPP, HTTP 능숙 초대졸 이상 3년 이상 메시징 제품 (MMS,SMS,RCS) 개발경험 우대 
Python 프로그래밍 MongoDB SIP, Diameter, HTTP2, HTTPS 경력 우대 Un 인터넷·IT·통신..."
https://kr.indeed.com/%EC%B7%A8%EC%97%85?q=python&vjk=d8918f984b349ea6&advn=1729840185424618," [국비무료/취업연계] 실무프로젝트 기반 빅데이터/핀테크/인공지능 연수생",아시아경제,서울 중구,"통신·모바일·게임>웹프로그래머>
Python|인터넷·IT·통신·모바일·게임... 프론트엔드|인터넷·IT·통신·모바일·게임>빅데이터·AI(인공지능)>
Python|인터넷·IT·통신·모바일·게임>빅데이터·AI(인공지능)>인공지능(AI..."
https://kr.indeed.com/%EC%B7%A8%EC%97%85?q=python&vjk=64e3d977c702eb32&advn=1729840185424618," 경력사원",현대로보틱스,대한민국,"리눅스환경/프로그래밍(C＋＋, 
Python) 활용능력 보유 - 비전, 라이... 프로그램 구조 설계 및 개발 경력 - 리눅스환경/프로그래밍(C＋＋, 
Python) 활용능력 보유 - SW 개발방법론/Engineering 전공 및..."
https://kr.indeed.com/%EC%B7%A8%EC%97%85?q=python&vjk=87309d3ff40ead61&advn=1729840185424618," 딥러닝 AI 개발 연구원",베이리스,성남 수정구,"시스템프로그래머>임베디드(Embedded)|인터넷·IT·통신·모바일·게임>응용프로그래머>C·C++|인터넷·IT·통신·모바일·게임>응용프로그래머>Linux|인터넷·IT·통신·모바일·게임>빅데이터·AI(인공지능)>
Python"
https://kr.indeed.com/%EC%B7%A8%EC%97%85?q=python&vjk=b79acb8f4c6b4c0d&advn=1729840185424618," Research Engineer",Riiid Labs,서울,"자격 요건) - 프로덕션 환경에서 발생하는 리얼 월드 문제들을 풀어 나가며 서비스와 함께 성장하고 싶으신 분 - 
Python 기반의 머신러닝 라이브러리를 활용한 개발에 익숙하신 분 (Tensorflow, Pytorch 등..."
https://kr.indeed.com/%EC%B7%A8%EC%97%85?q=python&vjk=c1eb021528f29732&advn=1729840185424618," 2022년 상반기 IT/경영정보 신입경력사원",GS네오텍,서울 구로구,"14p 인터넷·IT·통신·모바일·게임>응용프로그래머>JAVA|인터넷·IT·통신·모바일·게임>응용프로그래머>
Python|인터넷·IT·통신·모바일·게임>응용프로그래머>C·C++|인터넷·IT·통신·모바일·게임>응용프로그래머..."
https://kr.indeed.com/%EC%B7%A8%EC%97%85?q=python&vjk=e30fe92d72ceb17c&advn=1729840185424618," 자율 주행, 로봇 SW 개발자",에바,성남 수정구,"(주)에바 모집부문 및 자격요건 모집부문 담당업무 자격요건 인원 자율주행 SW 엔지니어
Python응용SW [담당업무]ROS 개발, 로봇 주행 알고리즘 개발, SW Optimization[근무부서 및 직급/직책]근무부서: 개발팀..."
https://kr.indeed.com/%EC%B7%A8%EC%97%85?q=python&vjk=eff6d38d4767ff87&advn=1729840185424618," Software Engineer",Boston Consulting Group,서울,"parallel computing TECHNOLOGIES: Languages programming: 
Python, GO, C++, Java, Scala, JavaScript, TypeScript DevOps: Docker..."
https://kr.indeed.com/%EC%B7%A8%EC%97%85?q=python&vjk=df21e3bb5d773616&advn=1729840185424618," Python Programmer",Mofac,서울 서초구,"개발 – JAVA 프로그래밍(라이브러리 활용) – Spring 프레임 워크 개발 – 
Python API 프로그래밍 우대사항 – 
Python 개발 경험 – Open Source 라이브러리 개발경험 – Web 표준에 대한 경험..."
https://kr.indeed.com/%EC%B7%A8%EC%97%85?q=python&vjk=5b3c147dddec314b&advn=1729840185424618," C++/PYTHON 백엔드 개발자 (근무지:춘천or서울)",지오비전,서울 구로구,"[직무내용] 모집 분야C++/
PYTHON 백엔드 개발자모집인원 : 2명담당... 또는 이와 동등한 학위 (경력자의 경우 실무경력 2년 이상)c++ 또는 
python 사용에 능숙하신 분데이터베이스, 네트워크 등 s/w 개발과 관련한..."
https://kr.indeed.com/%EC%B7%A8%EC%97%85?q=python&vjk=e85487d0d81b009b&advn=1729840185424618," 시스템보안 담당자 채용",케이뱅크은행,서울 중학동,"경험 보유 우대사항 - AWS, Azure 등 클라우드 환경의 보안서비스 운영 경험자 - Java, 
Python 등 프로그래밍 언어 능숙자 근무조건 [근무조건] - 근무형태 : 정규직 - 모집인원 : 명 - 근무지..."
https://kr.indeed.com/%EC%B7%A8%EC%97%85?q=python&vjk=99d83bdfd2fffadd&advn=1729840185424618," Mendix - Senior Consultant (South Korea)",Siemens,서울,"language including SQL, Java, JavaScript, .NET, C#, 
Python... React You are passionate about cloud-native and mobile..."
https://kr.indeed.com/%EC%B7%A8%EC%97%85?q=python&vjk=139c920bd561c93c&advn=1729840185424618," 연계형 빅데이터 기반 딥러닝 부트 캠프 2기",알파코,서울 성동구,"통신·모바일·게임>빅데이터·AI(인공지능)>머신러닝|인터넷·IT·통신·모바일·게임>빅데이터·AI(인공지능)>
Python|인터넷·IT·통신·모바일·게임>빅데이터·AI(인공지능)>딥러닝|인터넷·IT·통신·모바일·게임>빅데이터..."
https://kr.indeed.com/%EC%B7%A8%EC%97%85?q=python&vjk=4d08d3e1f1815e21&advn=1729840185424618," 현대백화점 H.Point팀 데이터 분석/기획 경력",현대백화점,서울 삼성역,"적용 모델링 - OLAP툴, R, 
Python, SQL 등 활용 분석 수행 및 리포팅 - 학사 이상 학위 취득자 - OLAP툴 사용 경험(3년 이상) - R, 
Python, SQL 등 심화 분석툴 경험(2년..."
https://kr.indeed.com/%EC%B7%A8%EC%97%85?q=python&vjk=e91b5984e7f5d3fd&advn=1729840185424618," 데이터베이스개발자, 웹개발 신입/경력 정규직",여의도사람들,서울 영등포구,"개발자 ㆍCss/html 등 웹디자인 관련 유경험자 ㆍ자바스크립트, 
Python, C++, 닷넷 등 ㆍNode, Selenium, electron... 관련 유경험자ㆍ자바스크립트, 
Python, C++, 닷넷 등 ㆍNode..."
https://kr.indeed.com/%EC%B7%A8%EC%97%85?q=python&vjk=d83fc0dd2641f483&advn=1729840185424618," 전문연구요원 (병역특례) 수시 (AI / SW 분야)",딥엑스,성남 분당구,"요구 능력] - ASM/C/C++/
Python 언어 코딩 기술 - 운영체제... 경험 - Windows/Linux 상에서 C++/
Python 언어 사용 개발 경험 - C++ / 
Python 언어 사용 개발 경험 - 객체지향 설계에..."
https://kr.indeed.com/%EC%B7%A8%EC%97%85?q=python&vjk=9ab9e1640fdc64d5&advn=1729840185424618," ML Engineer_Eng",Riiid Labs,서울,"Qualifications • Experience with development using 
Python, Kotlin, Node.js, etc. • Experience with using RDBMS, NoSQL..."
https://kr.indeed.com/%EC%B7%A8%EC%97%85?q=python&vjk=f8691758f74c5242&advn=1729840185424618," Support Engineer- Developer",Microsoft,서울,"developing with Chatbot, Linux, Apache, Java, Node, 
Python, PHP, or Ruby - Knowledge and experiences of cloud services (Azure..."
https://kr.indeed.com/%EC%B7%A8%EC%97%85?q=python&vjk=d39d5624bfcc6b01&advn=1729840185424618," 인사분야 신입사원 모집",GS칼텍스,서울 역삼동,"기획 • 전공무관 (상경계열 전공 우대) Trading • 전공무관 (상경/화공계열 전공 우대) • 
Python, VBA 등 코딩 능숙자 우대 재무(회계) • 전공무관 (재무관리/파생상품 관련 전공 우대) 구매..."
https://kr.indeed.com/%EC%B7%A8%EC%97%85?q=python&vjk=eba169ad2f8bfa95&advn=1729840185424618," Sr. Application Engineer - EBS",Siemens,경기도 성남,"programming language like Visual Basic, VBScript, or 
Python is also highly desirable Programming Skills like C language..."
https://kr.indeed.com/%EC%B7%A8%EC%97%85?q=python&vjk=c896322092980fcd&advn=1729840185424618," Business Consultant - Technology",RWS,서울,"Cloud Computing. Basic knowledge and skillset with Linux, 
Python, C++/.Net, RESTful API/Embedded API is required. About RWS..."
https://kr.indeed.com/%EC%B7%A8%EC%97%85?q=python&vjk=f862c821b0734933&advn=1729840185424618," [NAVER Cloud] Media 서비스 개발",네이버,서울,"다양한 개발 경험 또는 Go, 
Python, C/C++등을 이용한 플랫폼... 가능하신 분 - Java, Kotlin, Golang, C, C++, 
Python, node.js, typescript 등으로 작성된 코드 및 프레임..."
https://kr.indeed.com/%EC%B7%A8%EC%97%85?q=python&vjk=2642a83874ea6bab&advn=1729840185424618," 영상처리, 컴퓨터 비전 전문가 (신입/경력)",에바,성남 수정구,"인원 [담당업무]
Python, C++, MFC, C를 이용하여 - OpenCV 로 Visual SLAM 개발- MFC, 
Python을 이용하여 GUI... 통신·모바일·게임>응용프로그래머>
Python|인터넷·IT·통신·모바일·게임..."
https://kr.indeed.com/%EC%B7%A8%EC%97%85?q=python&vjk=e29bd57c416ee579&advn=1729840185424618," 인재 Pool 등록",S&I Corp.,대한민국,"5년 이상 (IT기획, 프로젝트 PM/PL, 개발경력 등) - 자격 : 컴퓨터 언어 활용능력 보유 (JAVA, 
PYTHON) : 데이터베이스(RDBMS) 활용능력 보유 - 우대사항 : IT 예산(HW,SW,인건비) 수립 경험..."
https://kr.indeed.com/%EC%B7%A8%EC%97%85?q=python&vjk=34d76713b5fc282d&advn=1729840185424618," Administrative assistant for lean expert",ASML,대한민국,"software using 
Python. (or other... platform expert VBA expert Extra point : 
Python expert, SAP, Spotfire, RPA skills..."
https://kr.indeed.com/%EC%B7%A8%EC%97%85?q=python&vjk=b40a09bb26c18930&advn=1729840185424618," S/W개발자, H/W개발자, 기구설계 전문가",뉴로직,서울 강서구,"집부문 담당업무 자격요건 인원 S/W개발자H/W개발자기구설계직 [담당업무][S/W 개발]- C, C++, 
Python 프로그래밍 가능- 영상 처리, 컴퓨터 비전, 머신러닝, 비디오 스트리밍 관련 개발 경력 보유- OpenCV..."
https://kr.indeed.com/%EC%B7%A8%EC%97%85?q=python&vjk=4d6fa0f1b9726d7c&advn=1729840185424618," 디지털 미디어 매니저(퍼포먼스&브랜딩) 신입/경력",스스스스,서울 서초구,"[우대 요건] 1) 마케팅 전공자 2) 영어 커뮤니케이션 가능자 3) 
Python을 통한 프로그래밍 가능자 4) 구글 및 페이스북 셀프서브 가능자 5) GA 및 써드파티 트래커 활용 가능자 마케팅·광고·홍보·조사>마케팅>온라인마케팅"
https://kr.indeed.com/%EC%B7%A8%EC%97%85?q=python&vjk=112566541738ad42&advn=1729840185424618," Software Developer",Oracle,대한민국,"Experience task automation in scripting languages like shell, 
Python, JavaScript, TypeScript Boat load of passion & energy..."
https://kr.indeed.com/%EC%B7%A8%EC%97%85?q=python&vjk=802479a115e2b6b1&advn=1729840185424618," 데이터 사이언티스트",베이글코드,서울 강남구,"AI(인공지능)>
Python|인터넷·IT·통신·모바일·게임>응용프로그래머>머신러닝(ML)|인터넷·IT·통신·모바일·게임>응용프로그래머>인공지능(AI)|인터넷·IT·통신·모바일·게임>응용프로그래머>
Python|인터넷·IT·통신..."
https://kr.indeed.com/%EC%B7%A8%EC%97%85?q=python&vjk=733b814969bff5a7&advn=1729840185424618," Jr. Back-end Engineer (Python)",Soomgo,서울 강남구,"이런 분을 찾아요 2년 이상의 
Python을 활용한 백엔드 개발 업무를 수행한 경험이 있으신 분 Django, Django Rest Framework, Flask 등의 
Python web framework를 사용하여..."
https://kr.indeed.com/%EC%B7%A8%EC%97%85?q=python&vjk=cda0aa8499766eeb&advn=1729840185424618," 데이터 엔지니어",RIDI Corp,서울,"에서의 데이터 파이프라인 구축 및 운영 경험 GA, Tableau 등 외부 분석/시각화 도구에 대한 지식 
Python, Java, Scala 중 하나 이상을 이용한 개발 경험 추가 정보 지원 서류 안내 제출서류 : 이력..."
https://kr.indeed.com/%EC%B7%A8%EC%97%85?q=python&vjk=72d0031af322a59f&advn=1729840185424618," [코닝테크놀로지센터코리아] 연구원",코닝정밀소재,충청남도 아산,"게임>빅데이터·AI(인공지능)>tensorflow|인터넷·IT·통신·모바일·게임>빅데이터·AI(인공지능)>
Python|인터넷·IT·통신·모바일·게임>응용프로그래머>머신러닝(ML)|인터넷·IT·통신·모바일·게임>응용프로그래머..."
https://kr.indeed.com/%EC%B7%A8%EC%97%85?q=python&vjk=7df915e1f0f86b2d&advn=1729840185424618," Software Architecture 설계 엔지니어",딥엑스,성남 분당구,"경험 - Windows/Linux 상에서 C++/
Python 언어 사용 개발 경험 - C++ / 
Python 언어 사용 개발 경험 - 객체지향 설계에... 게임>빅데이터·AI(인공지능)>
Python|인터넷·IT·통신·모바일·게임..."
https://kr.indeed.com/%EC%B7%A8%EC%97%85?q=python&vjk=f17fde11b038a775&advn=1729840185424618," [TmaxAI/R&D] AI & FinTech 부문 프론트엔드 개발자",티맥스소프트,성남 분당구,"전산관련 전공 - 반응형 디자인, 웹 접근성, 웹 표준을 고려한 UI 개발 경험이 있는 분 - Node.js, 
Python, PHP와 같은 다양한 언어 및 프레임워크 경험이 있는 분 - 테스트 및 배포 자동화 경험이 있는 분..."
https://kr.indeed.com/%EC%B7%A8%EC%97%85?q=python&vjk=11d06a906dfe933f&advn=1729840185424618," JAVA, Python 경력 정규직",마인케이,서울 서초구,"(주)마인케이 JAVA, 
Python 경력 정규직 채용 모집부문 및 자격요건 담당업무 자격요건 인원 [담당업무]자바, 코틀린, 파이썬, 개발 및 응용프... 로그래머>JAVA|인터넷·IT·통신·모바일·게임>응용프로그래머>
Python"
https://kr.indeed.com/%EC%B7%A8%EC%97%85?q=python&vjk=78526735d90a85b9&advn=1729840185424618," Machine Learning - iOS Software Engineer,",Apple,서울,"computer vision 
Python libraries... programming skills with proficiency in 
Python, Flask, iOS Dev tools, and GitHub..."
https://kr.indeed.com/%EC%B7%A8%EC%97%85?q=python&vjk=3486bc7922dd9121&advn=1729840185424618," C++ Senior Developer for High-Performance Cloud Database Ker...",SAP,서울,"C++ Experience in multi-thread programming Experience in SQL, 
Python, Git Experienced... development on Linux environment..."
https://kr.indeed.com/%EC%B7%A8%EC%97%85?q=python&vjk=18412f48d46b750e&advn=1729840185424618," [폴라리스오피스] 전부문 대규모",폴라리스오피스,서울 금천구,"통신·모바일·게임>웹프로그래머>
Python|인터넷·IT·통신·모바일·게임... 프로그래머>자바스크립트|인터넷·IT·통신·모바일·게임>응용프로그래머>
Python|인터넷·IT·통신·모바일·게임>응용프로그래머>iOS|인터넷·IT·통신..."
https://kr.indeed.com/%EC%B7%A8%EC%97%85?q=python&vjk=84610059d3552ef1&advn=1729840185424618," (3200만이상/분당)만도연구소 소프트웨어 개발/검증 연구보조",휴먼앤,성남 분당구,"SW 등 공학 관련 전공자 C사용 경험자 관련분야/업무 유경험자 우대 
Python 가능자 우대 Vector Case 사용 경험자 우대 자동차부품 전문... 사용 경험자[우대요건] - 
Python 경험자 - Vector Case..."
https://kr.indeed.com/%EC%B7%A8%EC%97%85?q=python&vjk=25d823b03a3113d5&advn=1729840185424618," Sr. Application Engineer - AMS",Siemens,경기도 성남,"plus Proficiency in Linux shell scripting, Tcl, and 
Python programming is a plus Proven ability to map simulator capabilities..."
https://kr.indeed.com/%EC%B7%A8%EC%97%85?q=python&vjk=872035f47cfd4850&advn=1729840185424618," 자산운용팀 전략/리스크팀 퀀트(겨울방학 인턴)",마이퍼스트에셋자산운용,대한민국,"공자의 경우 관련 과목 12학점 이상 이수 - Microsoft 엑셀 능숙자 선택 사항 (평가 가산점) - 
Python 또는 VBA 등 코딩 Skill 보유 - 관련 업종에서 2개월 이상 인턴쉽 또는 근무 경력 보유 - 관련..."
https://kr.indeed.com/%EC%B7%A8%EC%97%85?q=python&vjk=480649e994778a52&advn=1729840185424618," Field Application YieldStar Competence Engineer",ASML,대한민국,"metrologyand scanner relation - Tool handling(Matlab, 
Python,MS office....) Skills Working... cutting edge of tech, you..."
https://kr.indeed.com/%EC%B7%A8%EC%97%85?q=python&vjk=19beeb5c7f50c5b4&advn=1729840185424618," 데이터 사이언티스트",Bagelcode,서울,"맞게 데이터 모델 및 스키마를 꾸준히 개발 및 발전 * 이런 역량을 가지신 분을 찾습니다. - SQL / 
Python / R 등 데이터 분석 업무를 수행할 수 있는 하나 이상의 개발 언어를 경험하신 분 - 통계 지식에 대한..."
https://kr.indeed.com/%EC%B7%A8%EC%97%85?q=python&vjk=3d40cfbbdc839bfc&advn=1729840185424618," 센서 계측 관련 프로그래머",큐엠시스템,인천 서구,"센서 계측 자동화를 위한 데이터 및 프로그램 관련 개발자를 모집합니다.C언어 , JavaScript , 
Python 등의 기초 코딩1개 이상의 리딩이 가능하신 개발자님 모집하고 있습니다.능수능란한 코딩이 가능하신분 , 기초와..."
https://kr.indeed.com/%EC%B7%A8%EC%97%85?q=python&vjk=4b1765c4f3ce8631&advn=1729840185424618," Data Scientist",Applied Materials Inc.,대한민국,"language (
Python, R, Java, etc... oriented analytics Confident user of ML/DL 
python packages including Scikit-learn..."
https://kr.indeed.com/%EC%B7%A8%EC%97%85?q=python&vjk=d7527395199fd664&advn=1729840185424618," Consulting Engineer (Full Time) - Korea",Cisco Systems,서울,"experience in Linux and programming languages like 
Python, Java , JavaScript etc. • Strong communication and collaboration..."
https://kr.indeed.com/%EC%B7%A8%EC%97%85?q=python&vjk=292a04117f547509&advn=1729840185424618," Field Application Engineer (m/f)",벡터코리아아이티,서울 용산구,"용프로그래머>C·C++|인터넷·IT·통신·모바일·게임>응용프로그래머>
Python|인터넷·IT·통신·모바일·게임>전산·IT기술지원>S/W 엔지니어|인터... 트웨어|인터넷·IT·통신·모바일·게임>빅데이터·AI(인공지능)>
Python"
https://kr.indeed.com/%EC%B7%A8%EC%97%85?q=python&vjk=f21952a2d7a0bfd8&advn=1729840185424618," [Robotics] Robotics Software Engineer, Navigation",네이버,서울,"요역량 ㅇ 컴퓨터 공학, 로봇 공학, 전자 공학 등 관련 기술 분야 석사 이상 학위 또는 3년 이상의 경력 ㅇ 
Python 혹은 C++ 언어의 능숙한 활용 ㅇ ROS/ROS2 혹은 유사한 framework를 활용한 robot..."
https://kr.indeed.com/%EC%B7%A8%EC%97%85?q=python&vjk=0a80ef7ebb86a66d&advn=1729840185424618," [연구개발 부문] 연구원 (MCU 계측제어설계/머신비전/이미지프로세싱)",모든,경기도 광명,"프로그래밍 가능자 우대S/W 설계 부문 : - OPEN CV, TENSORFLOW, YOLO, CUDA/
Python, C++, C WindowsGUL APL, MFC Lib 활용 가능자. 머신비전/ 영상처리 개발자* 전기..."
https://kr.indeed.com/%EC%B7%A8%EC%97%85?q=python&vjk=b81ddcc3978545fa&advn=1729840185424618," Application Engineer Korea",IMS Nanofabrication,충청북도 청주,"You are committing to support the team in challenging situations. 
Python, Office solutions and Linux experience is beneficial..."
https://kr.indeed.com/%EC%B7%A8%EC%97%85?q=python&vjk=578a71cd0f1d3fed&advn=1729840185424618," AI SW 개발 경력사원 채용",한화그룹,서울,"및 개선 할 수 있는 역량 보유자 프로그래밍에 대한 실무역량 보유자(TensorFlow,PyTorch,
Python,C++등) [우대요건] Vision 또는 NLP 기술을 활용하여 프로젝트 및 솔루션 개발 경험자 0명..."
https://kr.indeed.com/%EC%B7%A8%EC%97%85?q=python&vjk=19da3484bd7a72f1&advn=1729840185424618," Machine Learning R&D 연구원",카이어,서울 서초구,"가능) ㆍ최신 딥러닝, 기계학습 이론에 대한 이해 및 구현 역량 ㆍ
Python, TnsorFlow, C/C++, TensorRT 등 프로그래밍 실무... 대한 이해 및 구현 역량 ㆍ
Python, TnsorFlow, C/C++..."
https://kr.indeed.com/%EC%B7%A8%EC%97%85?q=python&vjk=e019d5e428cb2743&advn=1729840185424618," 백엔드 개발자 경력 정규직",라이트비전,서울 성동구,"대학교(4년)졸업 - 공학계열[다루는 프로그래밍 언어]• 
Python Django 또는 JAVA Spring 인터넷·IT·통신·모바일·게임>웹프로그래머>
Python|인터넷·IT·통신·모바일·게임>웹프로그래머>JAVA|인터넷..."
https://kr.indeed.com/%EC%B7%A8%EC%97%85?q=python&vjk=444fc14aa330a211&advn=1729840185424618," 네이버 파이낸셜 플랫폼 운영",엔아이티서비스,성남 삼평동,"Docker(kubernetes) 및 어플리케이션 배포 전략 지식 보유 - Shell script, 
python 및 web framework 등 기타 프로그래밍 언어 활용 가능 - 국가보훈대상자 및 장애인은 법령에 의거..."
https://kr.indeed.com/%EC%B7%A8%EC%97%85?q=python&vjk=5b0e88a7d6d4afce&advn=1729840185424618," [메디픽셀] 딥러닝 & SW 개발 엔지니어",메디픽셀,서울 마포구,"learning framework에 대한 이해가 있으신 분ㆍ C++, 
python 개발 경험이 있으신 분[우대사항]ㆍ관련 학과 석사 이상 학위(컴퓨터... 통신·모바일·게임>응용프로그래머>
Python|인터넷·IT·통신·모바일·게임..."
https://kr.indeed.com/%EC%B7%A8%EC%97%85?q=python&vjk=c8ef1aaeadb4c413&advn=1729840185424618," 웹개발 서버개발 직원 구인",엠에스벤터,인천 연수동,"서버 개발자) *이런 분과 함께하고 싶어요! - Web 개발 관련 개발 2년 이상 되시는 분 - PHP, 
Python, Node.js 중 한가지 언어 프레임 워크의 개발 경험이 있는 분 - MVC framework 기반..."
https://kr.indeed.com/%EC%B7%A8%EC%97%85?q=python&vjk=192c20f6f0f64ab3&advn=1729840185424618," [2022 전문연구요원] AI R&D - Language AI",엔씨소프트,성남 판교역,"기술을 서비스에 적용하기 위한 MLOps 플랫폼을 개발합니다. 지원자격 학력 : 석사 이상 필수조건 - 
Python, Java등 한 가지 이상의 컴퓨터 프로그래밍 언어를 활용할 수 있으신 분 - 머신러닝/딥러닝 기술에 대한..."
https://kr.indeed.com/%EC%B7%A8%EC%97%85?q=python&vjk=39b4c349f0d85ecc&advn=1729840185424618," Python Junior Backend Developer",Dable,서울,"“글로벌 콘텐츠 디스커버리 플랫폼 데이블에 지원하세요~!” 데이블은 ‘사용자와 미디어, 콘텐츠를 연결하자’는 미션을 가진 콘텐츠 디스커버리 & 네이티브 광고 플랫폼입니다. 데이블은 2015년 네이버, NC소프트, SK플래닛..."
https://kr.indeed.com/%EC%B7%A8%EC%97%85?q=python&vjk=38a26ad31307be21&advn=1729840185424618," [위메프] 신규서비스 ML엔지니어",위메프,대한민국,"선택을 고민하는 누군가에게 도움이 되고 싶다면 우리의 동료가 되어주세요!! [우리가 사용하는 기술] 
Python, ML도구(Pytorch, Tensorflow, Scikit-learn 등) Elasticsearch..."
https://kr.indeed.com/%EC%B7%A8%EC%97%85?q=python&vjk=d158e683dc0b7500&advn=1729840185424618," 파이썬 개발자 초중급 이상",데이터앤솔루션,서울 서초구,"전형 접수방법 채용시 접수방법: 인크루트 채용시스템 접수양식: 인크루트 이력서 기타 유의사항 입사지원서 및 제출서류에 허위사실이 있을 경우 채용이 취소될 수 있습니다. 인터넷·IT·통신·모바일·게임>응용프로그래머>
Python"
https://kr.indeed.com/%EC%B7%A8%EC%97%85?q=python&vjk=e34c06d01e1f387e&advn=1729840185424618," [NAVER Cloud] 리눅스 배포판 개발",네이버클라우드,성남 분당구,"[역할]리눅스 OS 배포판 제작 업무- 리눅스 배포판 관련 소스 분석- C , 
Python 등을 이용하여 소스 분석 및 수정- 빌드 시스템 및 버그질라 시스템... 통신·모바일·게임>응용프로그래머>
Python|인터넷·IT·통신·모바일·게임..."
https://kr.indeed.com/%EC%B7%A8%EC%97%85?q=python&vjk=cb340349fea7454e&advn=1729840185424618," Digital Innovation PM, Korea",Amazon Web Services Korea LLC,서울,"CRM systems, e.g Salesforce · Understanding of SQL, 
Python or other · Strong business and financial acumen and negotiations..."
https://kr.indeed.com/%EC%B7%A8%EC%97%85?q=python&vjk=d1d26bc871719fe2&advn=1729840185424618," 대학생인턴십 2기 모집",LG에너지솔루션,서울 영등포구,"러시아어 회화 가능자 - 통계 프로그래밍(Minitab, SPSS, SAS 등), 프로그래밍언어(R, 
Python 등) 활용 경험 보유자 - 빅데이터/IT/품질/환경안전 관련 자격증 보유자 - PLC,N/W, 비전, 센터..."
https://kr.indeed.com/%EC%B7%A8%EC%97%85?q=python&vjk=8c32b5db8ab28c7d&advn=1729840185424618," [광고 추천] 데이터 과학자, 기계학습(머신러닝) 전문가 모집",카카오,성남 판교역,"학습(머신러닝), 딥러닝에 관한 지식과 경험이 풍부한 분 하나 이상의 프로그래밍 언어에 능통한 분 (예, 
Python, R, Java, Scala, C/C++, Golang 등) 단, 주니어는 기계학습 기초 지식과 개발 역량..."
https://kr.indeed.com/%EC%B7%A8%EC%97%85?q=python&vjk=834db148c2e3c7b5&advn=1729840185424618," [NHN Cloud] 앱가드 Android 개발",NHN] [NHN Cloud,성남 판교역,"모바일 앱의 해킹 탐지 및 방어 엔진 개발 - 모바일 보안 기술 연구 - C/C++, Java, 
Python 언어 중 하나 이상을 이용한 개발 경력 2년 이상 - 보안 관련 지식 - 모바일 보안 솔루션 개발 경험..."
https://kr.indeed.com/%EC%B7%A8%EC%97%85?q=python&vjk=97022d0619d47329&advn=1729840185424618," (주)풀무원 빅데이터 활용 분석/AI 전문가 채용",풀무원,서울특별시,"지원 (교육 및 프로젝트 지원) 필요역량 및 지원자격 [자격요건] 프로그램 언어 활용 능력 (R, 
Python, SQL 등) 데이터 기반 업무 분석 및 이해 역량 분석 자료 프리젠테이션 문서 작성 역량 관련 경력 3..."
https://kr.indeed.com/%EC%B7%A8%EC%97%85?q=python&vjk=69bd6daa77f28616&advn=1729840185424618," [SAPEON Korea] 개발자",사피온코리아,성남 분당구,"인터넷·IT·통신·모바일·게임>웹프로그래머>ASP.NET|인터넷·IT·통신·모바일·게임>웹프로그래머>
Python|인터넷·IT·통신·모바일·게임>웹프로그래머>프론트엔드|인터넷·IT·통신·모바일·게임>웹프로그래머>백엔드|인터넷..."
https://kr.indeed.com/%EC%B7%A8%EC%97%85?q=python&vjk=19beeb5c7f50c5b4&advn=1729840185424618," 데이터 사이언티스트",Bagelcode,서울,"맞게 데이터 모델 및 스키마를 꾸준히 개발 및 발전 * 이런 역량을 가지신 분을 찾습니다. - SQL / 
Python / R 등 데이터 분석 업무를 수행할 수 있는 하나 이상의 개발 언어를 경험하신 분 - 통계 지식에 대한..."
https://kr.indeed.com/%EC%B7%A8%EC%97%85?q=python&vjk=016de9bb83a8032d&advn=1729840185424618," JR0186078 AI Research Engineer Intern",인텔코리아,서울,"architectures, and optimization strategiesProgramming skills with 
Python/C++Experience working with one or more deep learning..."
https://kr.indeed.com/%EC%B7%A8%EC%97%85?q=python&vjk=72d0031af322a59f&advn=1729840185424618," [코닝테크놀로지센터코리아] 연구원",코닝정밀소재,충청남도 아산,"게임>빅데이터·AI(인공지능)>tensorflow|인터넷·IT·통신·모바일·게임>빅데이터·AI(인공지능)>
Python|인터넷·IT·통신·모바일·게임>응용프로그래머>머신러닝(ML)|인터넷·IT·통신·모바일·게임>응용프로그래머..."
https://kr.indeed.com/%EC%B7%A8%EC%97%85?q=python&vjk=a557bdb58f5ab846&advn=1729840185424618," 웹프로그램 개발자",지에스라이텍,대구 북구,"직무내용] 웹프로그램 개발- 
Python- JavaScript, JQueue- DB SQL- Restful API 개발- 디지털사이니지 솔루션 개발 및 유지보수- 시스템통합(SI)필수역량- 관련학과(전산/통신/컴퓨터공학..."
https://kr.indeed.com/%EC%B7%A8%EC%97%85?q=python&vjk=41eda88d237f0abe&advn=1729840185424618," Application Engineer for MCU & Touch",Infineon Technologies,대한민국,"optionally additional language skills (e.g. C#, C++, 
Python..) Experienced in low level components of timer, counter, PWM..."
https://kr.indeed.com/%EC%B7%A8%EC%97%85?q=python&vjk=ba6a0ebb6ad9cd18&advn=1729840185424618," [NHN Cloud] IT 인프라 운영 도구 개발",NHN] [NHN Cloud,성남 판교역,"모니터링 시스템 Web 개발 - 경력 4년 이상 - Linux 환경(LAMP) 경력 3년 이상 - 
Python, Django, Javascript, PHP 경험 - 다양한 Front-end 프레임 워크 사용 경험..."
https://kr.indeed.com/%EC%B7%A8%EC%97%85?q=python&vjk=9adbc290202846e1&advn=1729840185424618," [아이브릭스] 기업부설연구소 전문연구요원",아이브릭스,성남 분당구,"모바일·게임>응용프로그래머>JAVA|인터넷·IT·통신·모바일·게임>응용프로그래머>자바스크립트|인터넷·IT·통신·모바일·게임>빅데이터·AI(인공지능)>머신러닝|인터넷·IT·통신·모바일·게임>빅데이터·AI(인공지능)>
Python"
https://kr.indeed.com/%EC%B7%A8%EC%97%85?q=python&vjk=48c982e865d9303a&advn=1729840185424618," 개발직군 산업기능요원 보충역 신규 특별",베이글코드,서울 강남구,"통신·모바일·게임>빅데이터·AI(인공지능)>머신러닝|인터넷·IT·통신·모바일·게임>빅데이터·AI(인공지능)>
Python|인터넷·IT·통신·모바일·게임>응용프로그래머>머신러닝(ML)|인터넷·IT·통신·모바일·게임>응용프로그래머..."
https://kr.indeed.com/%EC%B7%A8%EC%97%85?q=python&vjk=b6f149c5d6b60323&advn=1729840185424618," Analyst - Environmental, Social and Governance (12 months co...",McKinsey & Company,서울,"ESG) Experience and training in data analytics tools like 
Python, Alteryx, Tableau, Excel or other analytical platforms..."
https://kr.indeed.com/%EC%B7%A8%EC%97%85?q=python&vjk=2005391e64a9cce1&advn=1729840185424618," SK 실트론 개발/평가/분석 부문 (신입/경력)",SK 실트론,경상북도 구미,"수행 경험 - FLUENT, COMSOL, Star-CCM+ 중 1개 이상 활용 경험 - C, C++, 
Python, Matlab, Fortran 중 1개 이상 활용 역량 유관 전공 : 재료, 기계, 화공 등 분석기..."
https://kr.indeed.com/%EC%B7%A8%EC%97%85?q=python&vjk=50cc6371bab225b5&advn=1729840185424618," Full-stack Software Engineer",비스포크랩 주식회사 (Bespoke Lab),서울,"지원 자격 * * 5년 이상 Full-stack 개발 실무 경력이 있으신 분 * Java, C/C++, 
Python, javascript 중 하나 이상의 언어에 능숙하신 분 * MySQL, Oracle, MariaDB 등의..."
https://kr.indeed.com/%EC%B7%A8%EC%97%85?q=python&vjk=cd9f0ad81f2628c3&advn=1729840185424618," [경력] Growth Data Analyst",네이버,서울,"실행에 이르기까지 데이터 분석의 전 과정을 능숙하게 진행하실 수 있는 분 - SQL 활용능력이 우수하고, 
Python/R 등 데이터분석을 위한 프로그래밍 역량을 가지신 분 - 태블로를 활용한 비즈니스 리포팅이나 대시보드 관리..."
https://kr.indeed.com/%EC%B7%A8%EC%97%85?q=python&vjk=5a4523017b1f55a7&advn=1729840185424618," DevOps Engineer",myrealtrip,서울,"DevOps 경력 2년 이상인 분 
Python 또는 JAVA 개발 경력 5... 기술에 대한 거부감이 없고 도전적이신 분 [기술스택] Java, 
Python AWS API AWS Cloud Formation Prometheus..."
https://kr.indeed.com/%EC%B7%A8%EC%97%85?q=python&vjk=53c9741b09518b4f&advn=1729840185424618," Metaverse 서비스 Graphics 개발자",에스케이텔레콤,서울 중구,"경험그래픽스 프로젝트 및 게임 개발 경험자 프로그램 언어(C#, 
python 등)와 OpenGL, Vulkan 등 API를 이용한 개발 경험 인터넷... 용프로그래머>C#|인터넷·IT·통신·모바일·게임>응용프로그래머>
Python"
https://kr.indeed.com/%EC%B7%A8%EC%97%85?q=python&vjk=2e3a1c1587d38c09&advn=1729840185424618," Senior Machine Learning Engineer",BOEING,서울,"Engineering, Mathematics etc Ability to write robust code in 
Python, Java etc Strong passion for developing high-quality..."
https://kr.indeed.com/%EC%B7%A8%EC%97%85?q=python&vjk=b79acb8f4c6b4c0d&advn=1729840185424618," Research Engineer",Riiid Labs,서울,"자격 요건) - 프로덕션 환경에서 발생하는 리얼 월드 문제들을 풀어 나가며 서비스와 함께 성장하고 싶으신 분 - 
Python 기반의 머신러닝 라이브러리를 활용한 개발에 익숙하신 분 (Tensorflow, Pytorch 등..."
https://kr.indeed.com/%EC%B7%A8%EC%97%85?q=python&vjk=dbe3257e487e5814&advn=1729840185424618," [AI/Lab] AI 백엔드 엔지니어 (전문연구요원 가능)",버즈니,서울,"플랫폼 및 시스템 구축 이런 분을 찾습니다 주도적으로 문제를 찾고, 해결할 수 있는 능력을 보유하신 분 
Python 또는 하나 이상의 언어에 능숙하신 분 Cache와 DB를 사용한 Restful API 개발 경험이 있으신분..."
https://kr.indeed.com/%EC%B7%A8%EC%97%85?q=python&vjk=24a5807eaf563f23&advn=1729840185424618," 부문별 경력직",NH투자증권,서울 영등포구,"게임>빅데이터·AI(인공지능)>하둡(Hadoop)|인터넷·IT·통신·모바일·게임>빅데이터·AI(인공지능)>
Python|인터넷·IT·통신·모바일·게임>데이터베이스·DBA>SQL|경영·인사·총무·사무>경영·기획·전략>경영기획..."
https://kr.indeed.com/%EC%B7%A8%EC%97%85?q=python&vjk=a5e926e1d22cdc11&advn=1729840185424618," 각 분야별 인재 Pool 등록",지투알,서울,"자 - 데이터 분석 툴(Adobe Analytics 또는 Google Analytics) 유경험자 우대 - 
Python, R, SQL 역량 보유자 우대 - 데이터에 기반한 문제해결 능력 및 통계학적 지식 보유자 우대 - 담당..."
https://kr.indeed.com/%EC%B7%A8%EC%97%85?q=python&vjk=f862c821b0734933&advn=1729840185424618," [NAVER Cloud] Media 서비스 개발",네이버,서울,"다양한 개발 경험 또는 Go, 
Python, C/C++등을 이용한 플랫폼... 가능하신 분 - Java, Kotlin, Golang, C, C++, 
Python, node.js, typescript 등으로 작성된 코드 및 프레임..."
https://kr.indeed.com/%EC%B7%A8%EC%97%85?q=python&vjk=6956ad261bffffbb&advn=1729840185424618," [무료교육] 대졸자 취업 연계과정(10개월) 참여자 / 3월 개강",한국폴리텍대학 신기술교육원,전주 덕진구,"통신·모바일·게임>웹프로그래머>
Python|인터넷·IT·통신·모바일·게임... 탈제어시스템|인터넷·IT·통신·모바일·게임>빅데이터·AI(인공지능)>
Python|인터넷·IT·통신·모바일·게임>빅데이터·AI(인공지능)>머신러닝|인터..."
https://kr.indeed.com/%EC%B7%A8%EC%97%85?q=python&vjk=b2eb1fe78ff9ee5f&advn=1729840185424618," [대기업] 데이터분석가 경력 (대리~과장급 2명)",에이치알니즈,서울,"경력5년 이상-통계분석과 Machine Learning알고리즘에 대한 기본지식 보유-SQL, SAS, R, 
Python 중2개 이상의 분석도구에 대한 기본 이해-현상에 대한 문제인식과 적극적인 문제해결의지-통계적 수치에 대한..."
https://kr.indeed.com/%EC%B7%A8%EC%97%85?q=python&vjk=cd7c58fe96d4b630&advn=1729840185424618," Server Developer (Machine Learning)",비바리퍼블리카,서울 강남구,"통신·모바일·게임>빅데이터·AI(인공지능)>
Python|인터넷·IT·통신·모바일·게임>응용프로그래머>머신러닝(ML)|인터넷·IT·통신·모바일·게임>응용프로그래머>
Python|인터넷·IT·통신·모바일·게임>통신·모바일>서비스기획·운영"
https://kr.indeed.com/%EC%B7%A8%EC%97%85?q=python&vjk=45ef50c3481fd92f&advn=1729840185424618," [신용리스크모델링 Intern] 개인 신용평가모형 개발 및 운영직(채용 연계형)",카카오뱅크,성남 삼평동,"Learning을 비롯한 최신 통계모형을 활용하여 신용평가모형을 개발하고 운영합니다. SAS, SQL, 
Python, R 등을 활용한 데이터 분석 능력이 필요하며, 데이터 분석 대회에서 입상한 분, 통계/수학/산업공학/상경계..."
https://kr.indeed.com/%EC%B7%A8%EC%97%85?q=python&vjk=dc74730c92ce5050&advn=1729840185424618," Data Scientist",뱅크샐러드,서울 영등포구,"기반 예측, 모델링 프로젝트 경험자 데이터 분석/모델링을 위한 언어 및 프레임워크 사용에 익숙하신 분 (
Python, R, SQL, Pandas, TensorFlow, Pytorch, Spark 등) 회사 내부 구성원들과..."
https://kr.indeed.com/%EC%B7%A8%EC%97%85?q=python&vjk=9f1b3a55c974207a&advn=1729840185424618," Teacher / Instructor",Grace International Academy (GIA),서울 강남구,"Cultures... Computer Science (Programming Languages--e.g., 
Python, C/C++, etc. ) Fine Arts Other Elective Courses Full..."
https://kr.indeed.com/%EC%B7%A8%EC%97%85?q=python&vjk=e4686146beae7f1c&advn=1729840185424618," [대형증권사] 금융특화 한글 음성합성(TTI)",인코리아 프로페셔널,서울 강남구,"통신·모바일·게임>웹프로그래머>
Python|인터넷·IT·통신·모바일·게임... 응용프로그래머>JAVA|인터넷·IT·통신·모바일·게임>응용프로그래머>
Python|인터넷·IT·통신·모바일·게임>빅데이터·AI(인공지능)>음성인식|인터..."
https://kr.indeed.com/%EC%B7%A8%EC%97%85?q=python&vjk=686c8cf8b082fbc1&advn=1729840185424618," 연구개발부 생명정보부문 석사졸연구원 신입/경력 정규직",카이팜,서울 서대문구,"통신·모바일·게임>빅데이터·AI(인공지능)>데이터분석|인터넷·IT·통신·모바일·게임>빅데이터·AI(인공지능)>
Python|인터넷·IT·통신·모바일·게임>빅데이터·AI(인공지능)>R|인터넷·IT·통신·모바일·게임>빅데이터·AI..."
https://kr.indeed.com/%EC%B7%A8%EC%97%85?q=python&vjk=ced15ce8e8c9c0b8&advn=1729840185424618," [진행중] 우리은행 AI사업부 전문직(인공지능[AI]모델링) 채용공고",우리은행,서울 회현동,"포함 디지털 서비스 기획 경험자 - 인공지능 알고리즘 설계/검증 및 성능 개선 업무 경력 보유 - 
Python, R 등 프로그래밍 활용 역량 보유 - 은행, 카드, 보험 등 금융 분야 프로젝트 경험자 우대사항..."
https://kr.indeed.com/%EC%B7%A8%EC%97%85?q=python&vjk=e5cf3dda5a485def&advn=1729840185424618," [NAVER Z] 3D 리거",네이버제트,성남 분당구,"있는 분이 필요합니다.- 협업을 우선시하고, 열린 자세로 업무에 임할수 있는 분이 필요합니다.우대사항- 
Python 등 스크립트 작업이 가능하신 분을 선호합니다.- Unity 경험이 있으신 분을 선호합니다.- 항상 능동적인..."
https://kr.indeed.com/%EC%B7%A8%EC%97%85?q=python&vjk=dd6b989057777812&advn=1729840185424618," 빅데이터, 인공지능(AI) 외 경력 정규직",씨티아이랩,서울 서초구,"모바일·게임>빅데이터·AI(인공지능)>인공지능(AI)|인터넷·IT·통신·모바일·게임>빅데이터·AI(인공지능)>
Python|인터넷·IT·통신·모바일·게임>빅데이터·AI(인공지능)>머신러닝|인터넷·IT·통신·모바일·게임>빅데이터..."
https://kr.indeed.com/%EC%B7%A8%EC%97%85?q=python&vjk=89b2f784c88c8a1b&advn=1729840185424618," [신입/경력] SW Engineer/Backend/Frontend 개발자",뷰노코리아,서울 서초구,"인터넷·IT·통신·모바일·게임>웹프로그래머>백엔드|인터넷·IT·통신·모바일·게임>웹프로그래머>프론트엔드|인터넷·IT·통신·모바일·게임>응용프로그래머>인공지능(AI)|인터넷·IT·통신·모바일·게임>응용프로그래머>
Python"
https://kr.indeed.com/%EC%B7%A8%EC%97%85?q=python&vjk=a82e3922c29d3373&advn=1729840185424618," 관리직 경력사원 공개채용",경동나비엔,서울 여의도,"개발 • 경력 : 3년 이상 10년 이하 • 학력 : 학사 이상 / 전공무관 • 우대사항 - JAVA, 
Python, node.js, typescript 프로그래밍 경험자 - IoT 클라우드 플랫폼 또는 앱 서비스 개발자..."
https://kr.indeed.com/%EC%B7%A8%EC%97%85?q=python&vjk=60d2552a901c0851&advn=1729840185424618," Security Consultant, Professional Services",Amazon Web Services Korea LLC,서울,"skills, eg. 
Python, Node.js, Javascript... 하거나 인프라에 배포해 보신 실무 경험 -스크립팅 언어 사용 기술 (
Python, Node.js, Javascript, PowerShell, Bash..."
https://kr.indeed.com/%EC%B7%A8%EC%97%85?q=python&vjk=0d10d8993d3cdfa9&advn=1729840185424618," HW/SW 분야 직무 교육 전문강사",에이치에스글로벌,서울 강남구,"통신·모바일·게임>응용프로그래머>인공지능(AI)|인터넷·IT·통신·모바일·게임>빅데이터·AI(인공지능)>
Python|인터넷·IT·통신·모바일·게임>빅데이터·AI(인공지능)>빅데이터|인터넷·IT·통신·모바일·게임>빅데이터·AI..."
https://kr.indeed.com/%EC%B7%A8%EC%97%85?q=python&vjk=27b06cad4f2d0c63&advn=1729840185424618," 클라우드 엔지니어",NHN SOFT,성남 판교역,"있으신 분 -WebLogic, JBoss 및 Tomcat과 같은 WAS 설치 및 구성 경험 있으신 분 -
Python, Shell, Powershell 등의 스크립팅 언어 개발 경험 있으신 분 -대규모 프로젝트 수행 경험..."
https://kr.indeed.com/%EC%B7%A8%EC%97%85?q=python&vjk=eba169ad2f8bfa95&advn=1729840185424618," Sr. Application Engineer - EBS",Siemens,경기도 성남,"programming language like Visual Basic, VBScript, or 
Python is also highly desirable Programming Skills like C language..."
https://kr.indeed.com/%EC%B7%A8%EC%97%85?q=python&vjk=9f91ece4e66ef5a9&advn=1729840185424618," 소프트웨어개발자(정규직) 신입/경력 정규직 병역특례전문요원가능업체",지브레인,인천 연수구,"인공지능)>
Python|인터넷·IT·통신·모바일·게임>빅데이터·AI(인공지능)>신경회로망연구원|인터넷·IT·통신·모바일·게임>전산·IT기술지원>S/W 엔지니어|인터넷·IT·통신·모바일·게임>응용프로그래머>
Python|인터넷..."
https://kr.indeed.com/%EC%B7%A8%EC%97%85?q=python&vjk=32ef5c901797d796&advn=1729840185424618," 레이더, 항행용 무선기기 및 측량기구 제조업 / 백앤드 개발 (과장/차장급)",제이떠블유커리어,성남 분당구,"인터넷·IT·통신·모바일·게임>웹프로그래머>
Python|인터넷·IT·통신·모바일·게임>응용프로그래머>JAVA"
https://kr.indeed.com/%EC%B7%A8%EC%97%85?q=python&vjk=2f56d4b70c1df086&advn=1729840185424618," 하반기 인턴직 모집",한솔그룹,서울 을지로2가,"지니어 (IT 인프라 관리/운영) 서버, 네트워크 Bash, Java, 
Python ① 학력 : 초대졸 이상 (2020년 2월 이후 졸업/졸업예정... JavaScript, VC++, 
Python) 한솔 PNS IT 부문..."
https://kr.indeed.com/%EC%B7%A8%EC%97%85?q=python&vjk=cae2de07045cfb2b&advn=1729840185424618," Java, Python 영상툴 개발자",에이아이메이커,서울 마곡동,"원하면 가능) 담당업무 - 영상 라벨링 Tool 개발 - Tool 정확성 개선 자격요건 - Java - 
Python 우대사항 - 관련 개발 경력 - 툴개발 경력 근무조건 - 월~금 AM9:30 ~ PM18:30 복지..."
https://kr.indeed.com/%EC%B7%A8%EC%97%85?q=python&vjk=b03b8655f632f8f0&advn=1729840185424618," [네오컨버전스] 딥러닝 개발자 신입/경력 정규직",네오컨버전스,서울 성동구,"부설연구소 [자격요건]신입, 경력(연차무관)대학교(4년)졸업 이상- 
Python 개발 가능자- Pytorch 딥러닝 프레임 워크 경험자- 딥러닝 이해... 게임>빅데이터·AI(인공지능)>
Python|인터넷·IT·통신·모바일·게임..."
https://kr.indeed.com/%EC%B7%A8%EC%97%85?q=python&vjk=ab58a5f77dd9c9c8&advn=1729840185424618," [NAVER Cloud] 빅데이터 분석 플랫폼 개발",네이버클라우드,성남 분당구,"빅데이터|인터넷·IT·통신·모바일·게임>빅데이터·AI(인공지능)>
Python|인터넷·IT·통신·모바일·게임>ERP·시스템분석·설계>빅데이터|인터넷... 로그래머>JAVA|인터넷·IT·통신·모바일·게임>응용프로그래머>
Python"
https://kr.indeed.com/%EC%B7%A8%EC%97%85?q=python&vjk=139c920bd561c93c&advn=1729840185424618," 연계형 빅데이터 기반 딥러닝 부트 캠프 2기",알파코,서울 성동구,"통신·모바일·게임>빅데이터·AI(인공지능)>머신러닝|인터넷·IT·통신·모바일·게임>빅데이터·AI(인공지능)>
Python|인터넷·IT·통신·모바일·게임>빅데이터·AI(인공지능)>딥러닝|인터넷·IT·통신·모바일·게임>빅데이터..."
https://kr.indeed.com/%EC%B7%A8%EC%97%85?q=python&vjk=7c1c386cd39fecbb&advn=1729840185424618," Data Engineer",Riiid Labs,서울,"격을 디자인 합니다. 이런 분을 찾습니다! • 2년 이상의 데이터 엔지니어 업무 경험이 있는 분 • 
Python 혹은 Scala를 능숙하게 사용하시는 분 • Batch Processing, Stream Processing..."
https://kr.indeed.com/%EC%B7%A8%EC%97%85?q=python&vjk=30e17a7d8ce9d4d4&advn=1729840185424618," Software Engineer",UJET,서울,"writing optimal code... least one stack (Java, Go, Ruby, 
Python) Ability to work collaboratively and cross-functionally..."
https://kr.indeed.com/%EC%B7%A8%EC%97%85?q=python&vjk=8af26b37623864c4&advn=1729840185424618," 8퍼센트 개발자 (신입/경력)",8퍼센트,서울 종로구,"개발 금융 데이터 분석과 분석 플랫폼 운영 자격요건 컴퓨터 전공자 또는 웹 개발 경력 1년 이상 우대사항 
Python 코드를 무리 없이 읽으실 수 있는 분 Linux/Mac 사용 가능한 분 새로운 기술에 대한 호기심을 가지신..."
https://kr.indeed.com/%EC%B7%A8%EC%97%85?q=python&vjk=3486bc7922dd9121&advn=1729840185424618," C++ Senior Developer for High-Performance Cloud Database Ker...",SAP,서울,"C++ Experience in multi-thread programming Experience in SQL, 
Python, Git Experienced... development on Linux environment..."
https://kr.indeed.com/%EC%B7%A8%EC%97%85?q=python&vjk=919f3e5da2efbc55&advn=1729840185424618," 머신러닝/딥러닝 모델 기반 음성인식 서비스 백엔드 개발자",프렌즈몬,서울 구로구,"통신·모바일·게임>웹프로그래머>
Python|인터넷·IT·통신·모바일·게임... 공지능)>
Python|인터넷·IT·통신·모바일·게임>빅데이터·AI(인공지능)>인공지능(AI)|인터넷·IT·통신·모바일·게임>응용프로그래머>
Python"
https://kr.indeed.com/%EC%B7%A8%EC%97%85?q=python&vjk=f21952a2d7a0bfd8&advn=1729840185424618," [Robotics] Robotics Software Engineer, Navigation",네이버,서울,"요역량 ㅇ 컴퓨터 공학, 로봇 공학, 전자 공학 등 관련 기술 분야 석사 이상 학위 또는 3년 이상의 경력 ㅇ 
Python 혹은 C++ 언어의 능숙한 활용 ㅇ ROS/ROS2 혹은 유사한 framework를 활용한 robot..."
https://kr.indeed.com/%EC%B7%A8%EC%97%85?q=python&vjk=0699e6dbb5a0ec38&advn=1729840185424618," Software Engineer",Maxim Integrated,서울,"skills with co-worker Good Programming Skills in C#, C, 
Python Embedded FW development Generate GUI (Graphic User..."
https://kr.indeed.com/%EC%B7%A8%EC%97%85?q=python&vjk=10f2dcc4001cb35f&advn=1729840185424618," Software Engineer - CNC (Computer Numerical Control) program...",BOEING,서울,"delivery) practices Experience in multiple programming languages – 
Python, Javascript, C# etc Experience in TDD (Test-Driven..."
https://kr.indeed.com/%EC%B7%A8%EC%97%85?q=python&vjk=643ef4db65461d01&advn=1729840185424618," [(주)데이터누리] Java 개발자 신입, 경력",데이터누리,서울 강서구,"및 Web App) 가능 
Python 개발(System 및 Internet... 모바일·게임>응용프로그래머>
Python|인터넷·IT·통신·모바일·게임>웹프로그래머>JAVA|인터넷·IT·통신·모바일·게임>웹프로그래머>
Python"
https://kr.indeed.com/%EC%B7%A8%EC%97%85?q=python&vjk=46253fd5b203d931&advn=1729840185424618," [로봇개발본부(판교근무)] 각 분야별 (백엔드, WEB APP 개발, APP 개발)",트위니,성남 분당구,"게임>웹프로그래머>웹개발|인터넷·IT·통신·모바일·게임>웹프로그래머>
Python|인터넷·IT·통신·모바일·게임>웹프로그래머>JAVA|인터넷·IT·통신... 통신·모바일·게임>응용프로그래머>
Python|인터넷·IT·통신·모바일·게임..."
https://kr.indeed.com/%EC%B7%A8%EC%97%85?q=python&vjk=b96f47b94d8b88a4&advn=1729840185424618," Data Scientist 신입 채용",컬리,서울 역삼동,"우순순위에 따른 다양한 모델 개발(ex: 수요예측, 추천/랭킹시스템, 가격최적화) 자격요건 • R/
Python 기반 로그성 데이터 분석과 모델 개발 경험이 있으신 분 • 통계학, 머신러닝 관련 내용을 이해하고 활용가능..."
https://kr.indeed.com/%EC%B7%A8%EC%97%85?q=python&vjk=3b7dbdf85a326a6d&advn=1729840185424618," 국내 대기업 - AI 및 딥러닝 관련 경력자",라피플코리아리미티드,서울,"관련 전문 지식 있는 분 - 
Python 또는 Scala, JAVA 활용... 레임워크 활용 역량 좋은 분- 자연어처리 관련 전문 지식 있는 분- 
Python 또는 Scala, JAVA 활용 역량- 미디어/커머스/전자/IT 업계..."
https://kr.indeed.com/%EC%B7%A8%EC%97%85?q=python&vjk=031eec3794f09645&advn=1729840185424618," [데이터] 데이터 서비스/플랫폼 개발",NHN] [데이터,성남 판교역,"데이터 수집, 처리 및 지표 분석 경험 - 데이터 기반의 문제해결 역량 및 논리적 사고 - Java, 
Python, Scala 중 최소 1가지 언어를 이용한 데이터 분석 및 소프트웨어 개발 역량 - 통계분석, ML/AI..."
https://kr.indeed.com/%EC%B7%A8%EC%97%85?q=python&vjk=f0fa048255eee14e&advn=1729840185424618," 인공지능(AI), 머신러닝(ML) 외 경력 정규직",시스메틱,서울 영등포구,"모바일·게임>응용프로그래머>인공지능(AI)|인터넷·IT·통신·모바일·게임>응용프로그래머>머신러닝(ML)|인터넷·IT·통신·모바일·게임>응용프로그래머>
Python|인터넷·IT·통신·모바일·게임>소프트웨어·하드웨어>소프트웨어"
https://kr.indeed.com/%EC%B7%A8%EC%97%85?q=python&vjk=9f1b3a55c974207a&advn=1729840185424618," Teacher / Instructor",Grace International Academy (GIA),서울 강남구,"Cultures... Computer Science (Programming Languages--e.g., 
Python, C/C++, etc. ) Fine Arts Other Elective Courses Full..."
https://kr.indeed.com/%EC%B7%A8%EC%97%85?q=python&vjk=28e8827913a5a90b&advn=1729840185424618," [서울게임아카데미] 게임개발분야 국기 교육생",서울게임,서울 종로구,"통신·모바일·게임>웹프로그래머>
Python|인터넷·IT·통신·모바일·게임... 로그래머>머신러닝(ML)|인터넷·IT·통신·모바일·게임>응용프로그래머>
Python|인터넷·IT·통신·모바일·게임>응용프로그래머>증강현실(AR)|인터넷..."
https://kr.indeed.com/%EC%B7%A8%EC%97%85?q=python&vjk=802479a115e2b6b1&advn=1729840185424618," 데이터 사이언티스트",베이글코드,서울 강남구,"AI(인공지능)>
Python|인터넷·IT·통신·모바일·게임>응용프로그래머>머신러닝(ML)|인터넷·IT·통신·모바일·게임>응용프로그래머>인공지능(AI)|인터넷·IT·통신·모바일·게임>응용프로그래머>
Python|인터넷·IT·통신..."
https://kr.indeed.com/%EC%B7%A8%EC%97%85?q=python&vjk=e742db63ad7e269f&advn=1729840185424618," 프론트엔드 개발자/디자이너/기획/마케터 정직원",마이플래닛,성남 수정구,"JAVA|인터넷·IT·통신·모바일·게임>웹프로그래머>백엔드|인터넷·IT·통신·모바일·게임>웹프로그래머>
Python|인터넷·IT·통신·모바일·게임>웹프로그래머>HDML|인터넷·IT·통신·모바일·게임>웹프로그래머>APM|인터넷..."
https://kr.indeed.com/%EC%B7%A8%EC%97%85?q=python&vjk=bec33b19427238a4&advn=1729840185424618," (주)작당모의 앱 개발자",작당모의,서울 서초구,"1. 백엔드 개발 1년이상, OOP/Function Language 개발 가능, AWS 개발 경험 등 2. 
Python Django 개발, Nodejs React 개발, MySQL 개발 경험 등 3. React Native..."
https://kr.indeed.com/%EC%B7%A8%EC%97%85?q=python&vjk=fe457b8e789d331c&advn=1729840185424618," Data Engineer",오피지지,서울 강남구,"게임>빅데이터·AI(인공지능)>머신러닝|인터넷·IT·통신·모바일·게임>빅데이터·AI(인공지능)>
Python|인터넷·IT·통신·모바일·게임>응용프로그래머>머신러닝(ML)|인터넷·IT·통신·모바일·게임>응용프로그래머>
Python"
https://kr.indeed.com/%EC%B7%A8%EC%97%85?q=python&vjk=7df915e1f0f86b2d&advn=1729840185424618," Software Architecture 설계 엔지니어",딥엑스,성남 분당구,"경험 - Windows/Linux 상에서 C++/
Python 언어 사용 개발 경험 - C++ / 
Python 언어 사용 개발 경험 - 객체지향 설계에... 게임>빅데이터·AI(인공지능)>
Python|인터넷·IT·통신·모바일·게임..."
https://kr.indeed.com/%EC%B7%A8%EC%97%85?q=python&vjk=55a19c92c845685e&advn=1729840185424618," Developer / Designer recruit",마이뮤직테이스트,서울 논현동,"language (i.e 
Python, Ruby, Java, .Net... High proficiency in 
Python... knowledge... least one 
Python web framework..."
https://kr.indeed.com/%EC%B7%A8%EC%97%85?q=python&vjk=e18e709e63c081ed&advn=1729840185424618," 전액 국비지원 IT취업연계 교육 JAVA웹&앱, 빅데이터, 인공지능",중앙정보처리학원,서울 마포구,"중앙정보처리학원 인터넷·IT·통신·모바일·게임>웹프로그래머>JAVA|인터넷·IT·통신·모바일·게임>웹프로그래머>
Python|인터넷·IT·통신·모바일·게임>빅데이터·AI(인공지능)>빅데이터|인터넷·IT·통신·모바일·게임>빅데이터..."
https://kr.indeed.com/%EC%B7%A8%EC%97%85?q=python&vjk=ac64fda2e281b835&advn=1729840185424618," Software Engineer, People with Disabilities (장애인 채용)",Google,서울,"languages, including... limited to: C++, Java, C and 
Python. Experience in a variety of projects utilizing natural..."
https://kr.indeed.com/%EC%B7%A8%EC%97%85?q=python&vjk=3fbf16cd38fd66c8&advn=1729840185424618," Software Developer & Verification",Ericsson,서울,"Programming Language and skillset: Java(preferred), C++, 
Python, CI Environment, Shell Script Native Korean and business..."
https://kr.indeed.com/%EC%B7%A8%EC%97%85?q=python&vjk=34f22fafb415ec3c&advn=1729840185424618," Data Analyst",뱅크샐러드,서울 영등포구,"가지신 분 Business Intelligence 시스템 및 비즈니스 리포팅 툴의 활용 능력 프로그래밍 언어(
Python/R, etc)를 활용하여 데이터 분석이 가능하신 분 더 나은 데이터 기반 서비스를 만들기 위해 동료들과..."
https://kr.indeed.com/%EC%B7%A8%EC%97%85?q=python&vjk=bec0de692ac682a9&advn=1729840185424618," DevOps Consultant, Professional Services",Amazon Web Services Korea LLC,서울,"Powershell, 
Python, Bash…). · Experience... 또는 Terraform) · 스크립팅 (예 : Powershell, 
Python, Bash…)을 포함한 클라우드, 또는 가상화 환경에서의 Linux..."
https://kr.indeed.com/%EC%B7%A8%EC%97%85?q=python&vjk=20c4a5de16d47c5c&advn=1729840185424618," Sr. Corporate Application Engineer - Calibre DS",Siemens,경기도 성남,"Linux OS, and previous experience with scripting or Tcl/
Python/Perl programming preferred Familiar with Siemens EDA’s Calibre..."
https://kr.indeed.com/%EC%B7%A8%EC%97%85?q=python&vjk=613e8260c0a33e9d&advn=1729840185424618," [NAVER Cloud] 빅데이터 분석 플랫폼 엔지니어",네이버클라우드,성남 분당구,"게임>응용프로그래머>JAVA|인터넷·IT·통신·모바일·게임>응용프로그래머>
Python|인터넷·IT·통신·모바일·게임>빅데이터·AI(인공지능)>
Python|인터넷·IT·통신·모바일·게임>빅데이터·AI(인공지능)>빅데이터|인터넷..."
https://kr.indeed.com/%EC%B7%A8%EC%97%85?q=python&vjk=a364f937ff9aa591&advn=1729840185424618," Advanced Support Engineer / Database & Cloud",Oracle,서울,"Open Source Software like Docker, 
Python, Kubernetes, Ansible, Jenkins, Corosync... Kubernetes - 
Python Detailed..."
https://kr.indeed.com/%EC%B7%A8%EC%97%85?q=python&vjk=590b2c305431c4ca&advn=1729840185424618," Software Engineer (Point Cloud Processing)",BOEING,서울,"experience in software development Highly skilled in C++ and 
Python Experience in Microservices Enthusiasm to learn new..."
https://kr.indeed.com/%EC%B7%A8%EC%97%85?q=python&vjk=705f1a36a7fafed3&advn=1729840185424618," 은행 정보계 DW 시스템 담당자",케이뱅크은행,서울 중학동,"MySQL 등) 대용량 쿼리 개발/튜닝 경험을 보유하신 분 - SW 개발 능력을 보유하신 분(Java/
Python 등) 우대사항 - 은행 정보계 시스템(DW/규제/회계/리스크) 운영 경험을 보유하신 분 - 시각화/분석..."
https://kr.indeed.com/%EC%B7%A8%EC%97%85?q=python&vjk=ee9ce1783556bdfd&advn=1729840185424618," Field Application Engineer",ASML,대한민국,"knowledge can be plus •Knowledge to handle SW tools (MATLAB, 
Python, MS office and so... data analysis •Understand..."
https://kr.indeed.com/%EC%B7%A8%EC%97%85?q=python&vjk=d2ec77080face34b&advn=1729840185424618," 딥러닝 영상처리 소프트웨어 개발자",지오비전,강원도 춘천,"이해 - C++ , 
Python 프로그래밍 가능 - Competition... 요건]- 컴퓨터비전 및 딥러닝 이론에 대한 전반적인 이해- C++ , 
Python 프로그래밍 가능경력사항: 신입, 경력(연차무관)학력사항: 대학교(4..."
https://kr.indeed.com/%EC%B7%A8%EC%97%85?q=python&vjk=aa20b37148768ec5&advn=1729840185424618," Quantitative Researcher",WorldQuant,서울,"etc.) Excellent academic record Proficiency in C/C++ or 
Python... other programming languages Excellent problem solving..."
https://kr.indeed.com/%EC%B7%A8%EC%97%85?q=python&vjk=6afd6c8d260f0ad7&advn=1729840185424618," [컨트롤웍스] 제어 및 시뮬레이션 전문가 경력(과장급)",컨트롤웍스,서울 강남구,"Simulink, C 또는 
Python 등) 프로그래밍에 능숙하신 분... 제어 SW 개발 언어(Matlab / Simulink, C 또는 
Python 등) 프로그래밍에 능숙하신 분[우대사항] - 팀리더 또는 PM 경험자..."
https://kr.indeed.com/%EC%B7%A8%EC%97%85?q=python&vjk=5500c694e2e58dc6&advn=1729840185424618," Data Center Operations Engineer",Amzn Corporate Services Korea,서울,"vendors · Scripting skills - Bash, 
Python, Perl, etc. · Project coordination... 스크립팅 기술 - Bash, 
Python, Perl 등 보유자 · 프로젝트..."
https://kr.indeed.com/%EC%B7%A8%EC%97%85?q=python&vjk=cb691ce1dfe992fa&advn=1729840185424618," [ IT 취업 교육 ] 핀테크 기반 e-커머스 개발자 B",아이티윌 부산교육센터,부산 부산진구,"통신·모바일·게임>웹프로그래머>백엔드|인터넷·IT·통신·모바일·게임>응용프로그래머>Android|인터넷·IT·통신·모바일·게임>빅데이터·AI(인공지능)>
Python|인터넷·IT·통신·모바일·게임>빅데이터·AI(인공지능)>R"
https://kr.indeed.com/%EC%B7%A8%EC%97%85?q=python&vjk=5b3c147dddec314b&advn=1729840185424618," C++/PYTHON 백엔드 개발자 (근무지:춘천or서울)",지오비전,서울 구로구,"[직무내용] 모집 분야C++/
PYTHON 백엔드 개발자모집인원 : 2명담당... 또는 이와 동등한 학위 (경력자의 경우 실무경력 2년 이상)c++ 또는 
python 사용에 능숙하신 분데이터베이스, 네트워크 등 s/w 개발과 관련한..."
https://kr.indeed.com/%EC%B7%A8%EC%97%85?q=python&vjk=25b0fa17d08dd0cd&advn=1729840185424618," 자바스크립트, Python 외 신입/경력 정규직, 계약직, 인턴",키친어스,서울 강남구,"인터넷·IT·통신·모바일·게임>응용프로그래머>자바스크립트|인터넷·IT·통신·모바일·게임>응용프로그래머>
Python|인터넷·IT·통신·모바일·게임>게임(Game)>서버·네트워크개발|인터넷·IT·통신·모바일·게임>게임(Game..."
https://kr.indeed.com/%EC%B7%A8%EC%97%85?q=python&vjk=f9a30da64da7f738&advn=1729840185424618," [NHN SOFT] iOS 앱개발",엔에이치엔소프트,성남 분당구,"통신·모바일·게임>웹프로그래머>
Python|인터넷·IT·통신·모바일·게임... 로그래머>증강현실(AR)|인터넷·IT·통신·모바일·게임>응용프로그래머>
Python|인터넷·IT·통신·모바일·게임>응용프로그래머>머신러닝(ML)|인터넷..."
https://kr.indeed.com/%EC%B7%A8%EC%97%85?q=python&vjk=b40a09bb26c18930&advn=1729840185424618," S/W개발자, H/W개발자, 기구설계 전문가",뉴로직,서울 강서구,"집부문 담당업무 자격요건 인원 S/W개발자H/W개발자기구설계직 [담당업무][S/W 개발]- C, C++, 
Python 프로그래밍 가능- 영상 처리, 컴퓨터 비전, 머신러닝, 비디오 스트리밍 관련 개발 경력 보유- OpenCV..."
https://kr.indeed.com/%EC%B7%A8%EC%97%85?q=python&vjk=8e715115bcdfcd01&advn=1729840185424618," Data Scientist (AI and Autonomy)",BOEING,서울,"testing, classification, or clustering Experience with 
Python programming language and writing SQL queries Experience..."
https://kr.indeed.com/%EC%B7%A8%EC%97%85?q=python&vjk=72c3de496b865cfb&advn=1729840185424618," Solana Dapp Developer",MIND AI,서울,"Active public github page... plus* • Node.js, 
Python or other backend language • Contributions to open-source..."
https://kr.indeed.com/%EC%B7%A8%EC%97%85?q=python&vjk=77b3e91b54377a1f&advn=1729840185424618," 2022년 한국필립모리스(주) 각 부문",한국필립모리스㈜,서울 영등포구,"통신·모바일·게임>웹프로그래머>
Python|인터넷·IT·통신·모바일·게임... 용프로그래머>자바스크립트|인터넷·IT·통신·모바일·게임>응용프로그래머>
Python|인터넷·IT·통신·모바일·게임>시스템프로그래머>펌웨어·어셈블러|인터..."
https://kr.indeed.com/%EC%B7%A8%EC%97%85?q=python&vjk=1750764e7fad99ec&advn=1729840185424618," [키움투자자산운용] 자산배분전략팀 팀원 (사원~대리급)",키움투자자산운용,서울 영등포구,"및 우대사항 금융·보험·증권>투자·분석·증권·외환>자산관리|인터넷·IT·통신·모바일·게임>응용프로그래머>
Python|인터넷·IT·통신·모바일·게임>소프트웨어·하드웨어>소프트웨어|마케팅·광고·홍보·조사>조사·분석·통계>설문..."
https://kr.indeed.com/%EC%B7%A8%EC%97%85?q=python&vjk=65d27252d5d4fa22&advn=1729840185424618," [NHN SOFT] Front-End 경력 개발자",엔에이치엔소프트,성남 분당구,"통신·모바일·게임>웹프로그래머>
Python|인터넷·IT·통신·모바일·게임... 로그래머>증강현실(AR)|인터넷·IT·통신·모바일·게임>응용프로그래머>
Python|인터넷·IT·통신·모바일·게임>응용프로그래머>머신러닝(ML)|인터넷..."
https://kr.indeed.com/%EC%B7%A8%EC%97%85?q=python&vjk=8164d5e7100c5968&advn=1729840185424618," AI Frameworks Engineer Intern",Intel,서울,"Basic knowledge of deep learning technologies Programming with 
Python or Shell script Education Students who are currently..."
https://kr.indeed.com/%EC%B7%A8%EC%97%85?q=python&vjk=abdc136f65ceddd4&advn=1729840185424618," AI 분야",LG유플러스,서울,"무를 경험하면서 조직과 함께 성장하고 싶으신 마인드를 보유하신 분 - 
Python 및 PyTorch, Tensorflow 등과 같은 딥러닝 프레임워크... 경력자 가능 - C/C++, 
Python, 딥러닝 프레임워크(PyTorch..."
https://kr.indeed.com/%EC%B7%A8%EC%97%85?q=python&vjk=2a494e5becfb158a&advn=1729840185424618," [Creative] IT/System Engineer (5년 이상)",크래프톤,서울 강남구,"제작하고 있습니다. 우리 팀과 함께할 미션을 소개합니다. C++ / 
python 을 이용한 파이프라인 툴 개발 및 개선 TA 및 게임개발 엔지니어와... 통신·모바일·게임>응용프로그래머>
Python|인터넷·IT·통신·모바일·게임..."
https://kr.indeed.com/%EC%B7%A8%EC%97%85?q=python&vjk=51df90967b46e8f0&advn=1729840185424618," [외국계 스타트업 미소] Business Analyst",유한회사 미소,서울,"통신·모바일·게임>빅데이터·AI(인공지능)>데이터분석|인터넷·IT·통신·모바일·게임>빅데이터·AI(인공지능)>
Python|인터넷·IT·통신·모바일·게임>데이터베이스·DBA>MySQL|인터넷·IT·통신·모바일·게임>데이터베이스..."
https://kr.indeed.com/%EC%B7%A8%EC%97%85?q=python&vjk=e7c8c2b11f24fb43&advn=1729840185424618," Software Engineer",Google,서울,"languages, including... limited to: C++, Java, C and 
Python. Excellent written and verbal communication skills. About..."
https://kr.indeed.com/%EC%B7%A8%EC%97%85?q=python&vjk=67c19d7ac0857ecd&advn=1729840185424618," 빅데이터 분야",LG유플러스,서울,"데이터 분석 모형 개발 ① R, 
Python, SQL 등 데이터 분석 도구... 분석 관련 자격 보유(빅데이터분석기사, ADsP, ADP 등) - R/
Python/SQL 등을 사용하여 데이터를 핸들링하고 대규모 데이터 셋에서 분석..."
https://kr.indeed.com/%EC%B7%A8%EC%97%85?q=python&vjk=21d2c5a3f43370e1&advn=1729840185424618," [ HDC 랩스 ] 2022년 상반기 경력",에이치디씨랩스,성남 분당구,"인터넷·IT·통신·모바일·게임>웹프로그래머>백엔드|인터넷·IT·통신·모바일·게임>빅데이터·AI(인공지능)>
Python|인터넷·IT·통신·모바일·게임>빅데이터·AI(인공지능)>빅데이터|인터넷·IT·통신·모바일·게임>네트워크..."
https://kr.indeed.com/%EC%B7%A8%EC%97%85?q=python&vjk=6b46ce7e432daab8&advn=1729840185424618," Data Engineer & Scientist",LG전자,서울 영등포구,"리즘에 대한 깊은 이해 - Data integrity, data governance 에 대한 이해 - 
Python Data & Analytics 라이브러리 경험 (NLTK, Spacy, Scikit-Learn, PyTorch..."
https://kr.indeed.com/%EC%B7%A8%EC%97%85?q=python&vjk=a5d866cb3092e1f6&advn=1729840185424618," 빅데이터 플랫폼 데이터 엔지니어",LG이노텍,서울 마곡역,"험자 - S/W 관련 자격증 보유자 - AWS (Redshift, S3 등) 기반 시스템 구축 경험자 - 
Python, SAS 스킬 보유자 - DB영역 기술 전문성 보유자 - IT 전반에 대한 이해도와 경험 보유자 필수 지원..."
https://kr.indeed.com/%EC%B7%A8%EC%97%85?q=python&vjk=71c47ac87bb4087e&advn=1729840185424618," 기술 인턴 인공지능 응용 연구/개발 인턴",써로마인드로보틱스,서울 관악구,"6개월) (협의) *모집 절차: 서류 à인터뷰(오프라인) *지원 자격: 프로그래밍 언어 활용 능력: 
Python, C, C++ 중 1가지 이상 데이터구조, 알고리즘 과목 이수 머신러닝과 딥러닝의 기본 개념 이해 머신러닝..."
https://kr.indeed.com/%EC%B7%A8%EC%97%85?q=python&vjk=b766b1060113c310&advn=1729840185424618," [어니컴(주)] 데이터 분석가 신입/경력",어니컴,서울 용산구,"이상- 프로그래밍 언어: R 혹은 
Python 활용 가능- 통계 또는 기계... 데이터분석|인터넷·IT·통신·모바일·게임>빅데이터·AI(인공지능)>
Python|인터넷·IT·통신·모바일·게임>빅데이터·AI(인공지능)>R|인터넷..."
https://kr.indeed.com/%EC%B7%A8%EC%97%85?q=python&vjk=dbdb09c3e456c5cb&advn=1729840185424618," (서울시 용산) 전문 분석관 (석사)",심네트,서울 용산구,"석사학위 이상ㆍ정보처리기사 자격 소지 ㆍ데이터 또는 무기효과 분야 연구 유경험자ㆍ통계/공학 SW(Matlab, 
Python, R 등) 운용 가능자 0명 서울시용산구 접수기간 2022년 2월 13일(일)까지 제출서류 이력서..."
https://kr.indeed.com/%EC%B7%A8%EC%97%85?q=python&vjk=b8ad49577d39559c&advn=1729840185424618," 웹개발자",일승,경기도 하남,"jsp, css, html 유경험자-JAVA,SPRING BOOT, AI 인공지능, REST API, 
PYTHON 경험-AI 이미지 인식 관련 기본 지식 (CNN등) [근무시간 및 형태] 주 5일 근무 (오전) 8시 30분..."
https://kr.indeed.com/%EC%B7%A8%EC%97%85?q=python&vjk=637966c9b5fe66d6&advn=1729840185424618," [정보보호기술] 시스템 보안 담당자",한국카카오은행,성남 분당구,"행위 모니터링 및 대응필수 경험과 역량· Go-lang, Java, 
Python 등으로 개발된 오픈소스를 업무에 활용한 경험 및 개발 역량(일부 수정... 로그래머>JAVA|인터넷·IT·통신·모바일·게임>응용프로그래머>
Python"
https://kr.indeed.com/%EC%B7%A8%EC%97%85?q=python&vjk=8488a698a84c5cf2&advn=1729840185424618," 한국알프스 부문별 신입/경력사원",한국알프스,광주광역시,"화상검사를 통한 외관검사 SW개발 유경험자 C , C# , .Net 
Python 화상검사 개발 유경험자 무역·영업·판매·매장관리>영업관리·영업지원... 통신·모바일·게임>웹프로그래머>
Python|생산·정비·기능·노무>생산관리..."
https://kr.indeed.com/%EC%B7%A8%EC%97%85?q=python&vjk=df21e3bb5d773616&advn=1729840185424618," Python Programmer",Mofac,서울 서초구,"개발 – JAVA 프로그래밍(라이브러리 활용) – Spring 프레임 워크 개발 – 
Python API 프로그래밍 우대사항 – 
Python 개발 경험 – Open Source 라이브러리 개발경험 – Web 표준에 대한 경험..."
https://kr.indeed.com/%EC%B7%A8%EC%97%85?q=python&vjk=65d17e4704beb445&advn=1729840185424618," 네트워크 보안 담당자 채용",케이뱅크은행,서울 중학동,"정보보안기사 등 관련 자격증을 보유하신 분 - 포렌식 업무 경험 또는 관련 자격증을 보유하신 분 - Java, 
Python 등 프로그래밍 언어가 능숙하신 분 근무조건 [근무조건] - 근무형태 : 정규직 - 모집인원 : 명..."
https://kr.indeed.com/%EC%B7%A8%EC%97%85?q=python&vjk=aac8e9355cb855ac&advn=1729840185424618," [인재풀] 아티스트 ART",Electronic Arts,서울,"Maya or 3D Max등의 아트웍 툴 사용 경험 Max script 또는 Mel Script의 사용 경험 C# 또는 
Python 언어에 대한 이해 및 활용 능력 아트웍 관련 툴 제작 또는 플러그인 제작 경험"
https://kr.indeed.com/%EC%B7%A8%EC%97%85?q=python&vjk=c1eb021528f29732&advn=1729840185424618," 2022년 상반기 IT/경영정보 신입경력사원",GS네오텍,서울 구로구,"14p 인터넷·IT·통신·모바일·게임>응용프로그래머>JAVA|인터넷·IT·통신·모바일·게임>응용프로그래머>
Python|인터넷·IT·통신·모바일·게임>응용프로그래머>C·C++|인터넷·IT·통신·모바일·게임>응용프로그래머..."
https://kr.indeed.com/%EC%B7%A8%EC%97%85?q=python&vjk=7d205770c41f1c8b&advn=1729840185424618," 현대백화점 데이터기획팀 데이터 분석/기획 경력",현대백화점,서울 삼성역,"Tableau등 OLAP툴 활용 대시보드 구성 및 분석 결과 리포팅 수행 경험 - 중급 이상의 R, 
Python, SQL 역량 및 데이터 핸들링(추출/전처리(EDA)/요약 등) 역량 보유 - 클라우드(또는 온프..."
https://kr.indeed.com/%EC%B7%A8%EC%97%85?q=python&vjk=5ea9ea023c6ccc03&advn=1729840185424618," S/W 엔지니어, 데이터분석 신입/경력 정규직, 인턴",가치랩스,성남 분당구,"케이션 제작 및 유지보수 업무- 
Python, Golang, QT 중 선택... 2. 시스템프로그래머- 
Python, Golang, QT 중 선택 가능3. 영상데이터 분석 및 모델링- 
python기반 영상데이터 분석 및 모델링..."
https://kr.indeed.com/%EC%B7%A8%EC%97%85?q=python&vjk=de354a752cd7f42e&advn=1729840185424618," 빅데이터, 인공지능(AI) 외 신입/경력 정규직",하나금융티아이,서울 강남구,"모바일·게임>빅데이터·AI(인공지능)>데이터라벨링|인터넷·IT·통신·모바일·게임>빅데이터·AI(인공지능)>
Python|인터넷·IT·통신·모바일·게임>빅데이터·AI(인공지능)>딥러닝|인터넷·IT·통신·모바일·게임>데이터베이스..."
https://kr.indeed.com/%EC%B7%A8%EC%97%85?q=python&vjk=053378a070533ffc&advn=1729840185424618," DBA",두나무,서울 강남구,"경험이 있으신 분 MySQL 모니터링 및 트러블 슈팅 경험이 있으신 분 스크립트 언어 사용이 가능하신 분 (
Python, Shell 등) [우대요건] Kubernetes 환경 경험이 있으신 분 부하테스트를 즐겨하시는 분 긍정..."
https://kr.indeed.com/%EC%B7%A8%EC%97%85?q=python&vjk=cb973769974700e0&advn=1729840185424618," Software Engineer, Android Connectivity",Google,서울,"one or more... following languages: C, C++, Java, or 
Python. Preferred qualifications: 5 years of experience in Android..."
https://kr.indeed.com/%EC%B7%A8%EC%97%85?q=python&vjk=3d40cfbbdc839bfc&advn=1729840185424618," 센서 계측 관련 프로그래머",큐엠시스템,인천 서구,"센서 계측 자동화를 위한 데이터 및 프로그램 관련 개발자를 모집합니다.C언어 , JavaScript , 
Python 등의 기초 코딩1개 이상의 리딩이 가능하신 개발자님 모집하고 있습니다.능수능란한 코딩이 가능하신분 , 기초와..."
https://kr.indeed.com/%EC%B7%A8%EC%97%85?q=python&vjk=9205c6ddd797cac4&advn=1729840185424618," Planning and Scheduling Optimization Development Engineer",어플라이드 머티리얼즈 코리아,성남 분당구,"teams.New PhDs are encouraged to apply. 인터넷·IT·통신·모바일·게임>웹프로그래머>
Python|생산·정비·기능·노무>생산관리>공장장|인터넷·IT·통신·모바일·게임>소프트웨어·하드웨어>소프트웨어"
https://kr.indeed.com/%EC%B7%A8%EC%97%85?q=python&vjk=9f1b3a55c974207a&advn=1729840185424618," Teacher / Instructor",Grace International Academy (GIA),서울 강남구,"Cultures... Computer Science (Programming Languages--e.g., 
Python, C/C++, etc. ) Fine Arts Other Elective Courses Full..."
https://kr.indeed.com/%EC%B7%A8%EC%97%85?q=python&vjk=e91b5984e7f5d3fd&advn=1729840185424618," 데이터베이스개발자, 웹개발 신입/경력 정규직",여의도사람들,서울 영등포구,"개발자 ㆍCss/html 등 웹디자인 관련 유경험자 ㆍ자바스크립트, 
Python, C++, 닷넷 등 ㆍNode, Selenium, electron... 관련 유경험자ㆍ자바스크립트, 
Python, C++, 닷넷 등 ㆍNode..."
https://kr.indeed.com/%EC%B7%A8%EC%97%85?q=python&vjk=4b9e10fafa9f733c&advn=1729840185424618," [네이버파이낸셜] 대안신용평가 모델 개발 및 운영",네이버,서울,"리스크 전략 운영 시스템 관리 가능하신 분 - SAS, SQL, R, 
Python 등을 활용한 데이터 핸들링 및 분석에 능숙한 분 - R, 
Python 등을 활용한 ML 개발 경험이 있는 분 - 팀웍 및 독립적으로 프로젝트..."
https://kr.indeed.com/%EC%B7%A8%EC%97%85?q=python&vjk=87d4ea678a85b896&advn=1729840185424618," [TmaxEdu/R&D] 연구 개발자",티맥스소프트,성남 분당구,"CSS, JavaScript, TypeScript [Server 개발(사용 언어)] - Java, 
Python, SQL [Framework(사용 언어)] - React.js, Spring [입사 지원 시 참고 사항..."
https://kr.indeed.com/%EC%B7%A8%EC%97%85?q=python&vjk=6d86e9f32d31c84f&advn=1729840185424618," Data 분야 경력",LG CNS,서울,"해가 뛰어난 자 - R, 
Python, SAS, SQL 등 활용 역량 우대사항(해당 내용 중 1개 이상) - ML/DL 경험 인력 우대 - 관련 분야 석사 이상 학위 소지자 우대 - R, 
Python등 데이터분석 모델링 경험..."
https://kr.indeed.com/%EC%B7%A8%EC%97%85?q=python&vjk=18412f48d46b750e&advn=1729840185424618," [폴라리스오피스] 전부문 대규모",폴라리스오피스,서울 금천구,"통신·모바일·게임>웹프로그래머>
Python|인터넷·IT·통신·모바일·게임... 프로그래머>자바스크립트|인터넷·IT·통신·모바일·게임>응용프로그래머>
Python|인터넷·IT·통신·모바일·게임>응용프로그래머>iOS|인터넷·IT·통신..."
https://kr.indeed.com/%EC%B7%A8%EC%97%85?q=python&vjk=ebd9b7e972f551fc&advn=1729840185424618," 서버 개발자 Python(Django) Developer (신입/경력)",아테나스랩,서울 마포구,"유관직무 경력자 서버 개발자 
Python(Django) Developer... 있습니다.■ 자격 요건 인터넷·IT·통신·모바일·게임>웹프로그래머>
Python|인터넷·IT·통신·모바일·게임>웹프로그래머>웹개발|인터넷·IT·통신..."
https://kr.indeed.com/%EC%B7%A8%EC%97%85?q=python&vjk=2b9e604e63e7e46d&advn=1729840185424618," [카카오커머스] 기술직군",카카오커머스,성남 분당구,"우대사항 - 전자금융 감독규정, PCIDSS에 대한 실무 경험이나 이해도가 높으신 분 - JAVA, 
Python, shell script 등 개발 역량을 갖추신 분 - 웹/앱 취약점 진단 및 모의해킹 역량을 갖추신..."
https://kr.indeed.com/%EC%B7%A8%EC%97%85?q=python&vjk=2b0112d63721b1e0&advn=1729840185424618," Machine Learning Researcher (Computer Vision)",BOEING,서울,"more than one software language (ex: C, C++, C#, Java, 
Python, Javascript, Matlab, and so on.) Applicants must have..."
https://kr.indeed.com/%EC%B7%A8%EC%97%85?q=python&vjk=4e38193c08dd3fda&advn=1729840185424618," Data Engineer",BOEING,서울,"Coding experience in more than one software language (ex: 
Python, R, Pandas, Javascript, Vue.js, React, Angular, and so..."
https://kr.indeed.com/%EC%B7%A8%EC%97%85?q=python&vjk=609e56cc13d5a4ff&advn=1729840185424618," 클라우드 보안 서비스 담당자 [경력]",씨디네트웍스,서울 강남구,"포함한 TCP / IP 프로토콜 스택 및 OSI 모델의 실제 응용 프로그램에 대한 깊은 지식- Linux 기술- 
Python / Shell 프로그래밍을 활용한 작업 자동화 및 도구 개발 가능자 우대사항 영어 / 중국어 가능자..."
https://kr.indeed.com/%EC%B7%A8%EC%97%85?q=python&vjk=6ad7c43392438b73&advn=1729840185424618," [TmaxAI/R&D] NLP(자연어/문서/음성)부문 개발자",티맥스소프트,성남 분당구,"DB 개발 경험이 있으신 분 [음성, 자연어처리] -관련 분야의 연구 경험 / 기본 지식 보유자 -기본적인 
Python 프로그래밍이 가능하신 분 우대사항 [리더급] -전반적으로 인공지능 자연어/문서처리 기술에 대한 이해가..."
https://kr.indeed.com/%EC%B7%A8%EC%97%85?q=python&vjk=3544467a7b64376f&advn=1729840185424618," [전문연구요원] 의료영상 리서치 엔지니어 정규직",메디픽셀,서울 마포구,"학력무관직무기술: VISUALC++, 응용프로그래밍, C·C++, 
Python, AI개발 2 명 근무조건 고용형태: 정규직(수습기간3개월)근무부서... 머신러닝(ML)|인터넷·IT·통신·모바일·게임>응용프로그래머>
Python"
https://kr.indeed.com/%EC%B7%A8%EC%97%85?q=python&vjk=78e99625e5de3c95&advn=1729840185424618," 전문연구요원 (병역특례) 수시 (AI / HW 분야)",딥엑스,성남 분당구,"모델의 RTL IP 설계 및 IP 검증 가능자 - Language: 
Python/Perl, C/C++ [우대 조건] - ARM based SoC 설계... Linux, shell, tcl, 
python, perl 사용 원활..."
https://kr.indeed.com/%EC%B7%A8%EC%97%85?q=python&vjk=e85487d0d81b009b&advn=1729840185424618," 시스템보안 담당자 채용",케이뱅크은행,서울 중학동,"경험 보유 우대사항 - AWS, Azure 등 클라우드 환경의 보안서비스 운영 경험자 - Java, 
Python 등 프로그래밍 언어 능숙자 근무조건 [근무조건] - 근무형태 : 정규직 - 모집인원 : 명 - 근무지..."
https://kr.indeed.com/%EC%B7%A8%EC%97%85?q=python&vjk=9ecefce08d4b32df&advn=1729840185424618," [TmaxMetaverse/R&D] 게임 엔진, 게임 서버, 메타버스 스튜디오 개발자",티맥스소프트,성남 분당구,"유경험자 - 리액트 기반 개발 유경험자 [주 사용 언어] - C++, C# - Java Script - 
Python - Spring, React - HTML [지원 시 참고 사항] - 기술, 경험, 지식 등이 상세히 담긴..."
https://kr.indeed.com/%EC%B7%A8%EC%97%85?q=python&vjk=872035f47cfd4850&advn=1729840185424618," 자산운용팀 전략/리스크팀 퀀트(겨울방학 인턴)",마이퍼스트에셋자산운용,대한민국,"공자의 경우 관련 과목 12학점 이상 이수 - Microsoft 엑셀 능숙자 선택 사항 (평가 가산점) - 
Python 또는 VBA 등 코딩 Skill 보유 - 관련 업종에서 2개월 이상 인턴쉽 또는 근무 경력 보유 - 관련..."
https://kr.indeed.com/%EC%B7%A8%EC%97%85?q=python&vjk=5c9f84f18b1b4944&advn=1729840185424618," 2022 데이터 사이언티스트 부문",데이타솔루션,서울 강남구,"인터넷·IT·통신·모바일·게임>ERP·시스템분석·설계>딥러닝|인터넷·IT·통신·모바일·게임>빅데이터·AI(인공지능)>머신러닝|인터넷·IT·통신·모바일·게임>빅데이터·AI(인공지능)>
Python"
